OpenROAD unknown 
Features included (+) or not (-): -GPU +GUI -Python
This program is licensed under the BSD-3 license. See the LICENSE file for details.
Components of this program may be licensed under more restrictive licenses which must be honored.
[INFO ORD-0030] Using 2 thread(s).
read_liberty /OpenROAD-flow-scripts/flow/platforms/sky130hd/lib/sky130_fd_sc_hd__tt_025C_1v80.lib
read_db /home/user/chip/build/pd_sep/results/sky130hd/orbit_demo/sep/3_2_place_iop.odb
read_sdc /home/user/chip/build/pd_sep/results/sky130hd/orbit_demo/sep/2_floorplan.sdc
source /OpenROAD-flow-scripts/flow/platforms/sky130hd/setRC.tcl
[INFO RSZ-0026] Removed 182 buffers.
Perform port buffering...
[INFO RSZ-0027] Inserted 79 sky130_fd_sc_hd__clkdlybuf4s50_1 input buffers.
[INFO RSZ-0028] Inserted 135 sky130_fd_sc_hd__clkdlybuf4s50_1 output buffers.
[INFO GPL-0022] Initialize gpl and calculate uniform density.
Placement density is 0.5459999895095825, computed from PLACE_DENSITY_LB_ADDON  0.20 and lower bound 0.41999998688697815
global_placement -density 0.5459999895095825 -pad_left 0 -pad_right 0 -routability_driven -timing_driven -force_center_initial_place -min_phi_coef 0.95 -max_phi_coef 1.05
[INFO GPL-0001] ---- Initialize GPL Main Data Structures
[INFO GPL-0002] DBU: 1000
[INFO GPL-0003] SiteSize: (  0.460  2.720 ) um
[INFO GPL-0004] CoreBBox: (  2.300  2.720 ) ( 344.080 342.720 ) um
[INFO GPL-0016] Core area:                  116205.200 um^2
[INFO GPL-0036] Movable instances area:      48388.909 um^2
[INFO GPL-0037] Total instances area:        50295.738 um^2
[INFO GPL-0035] Pin density area adjust:      3811.387 um^2
[INFO GPL-0032] ---- Initialize Region: Top-level
[INFO GPL-0006] Number of instances:              5532
[INFO GPL-0007] Movable instances:                3607
[INFO GPL-0008] Fixed instances:                  1524
[INFO GPL-0009] Dummy instances:                   401
[INFO GPL-0010] Number of nets:                   5843
[INFO GPL-0011] Number of pins:                  18247
[INFO GPL-0012] Die BBox:       (  0.000  0.000 ) ( 346.295 346.295 ) um
[INFO GPL-0013] Placement BBox: (  2.300  2.720 ) ( 344.080 342.720 ) um
[INFO GPL-0014] Region name: top-level.
[INFO GPL-0015] Region area:                116205.200 um^2
[INFO GPL-0017] Fixed instances area:        36628.880 um^2
[INFO GPL-0018] Movable instances area:      33102.900 um^2
[INFO GPL-0019] Utilization:                    41.599 %
[INFO GPL-0020] Standard cells area:         33102.900 um^2
[INFO GPL-0021] Large instances area:            0.000 um^2
[INFO GPL-0032] ---- Initialize Region: pdsep_grp_copyA
[INFO GPL-0006] Number of instances:               958
[INFO GPL-0007] Movable instances:                 768
[INFO GPL-0008] Fixed instances:                   190
[INFO GPL-0009] Dummy instances:                     0
[INFO GPL-0010] Number of nets:                   5843
[INFO GPL-0011] Number of pins:                  18247
[INFO GPL-0012] Die BBox:       (  0.000  0.000 ) ( 346.295 346.295 ) um
[INFO GPL-0013] Placement BBox: (  2.300  2.720 ) ( 52.440 342.720 ) um
[INFO GPL-0014] Region name: pdsep_grp_copyA.
[INFO GPL-0015] Region area:                 17047.600 um^2
[INFO GPL-0017] Fixed instances area:          237.728 um^2
[INFO GPL-0018] Movable instances area:       9430.876 um^2
[INFO GPL-0019] Utilization:                    56.103 %
[INFO GPL-0020] Standard cells area:          9430.876 um^2
[INFO GPL-0021] Large instances area:            0.000 um^2
[INFO GPL-0032] ---- Initialize Region: pdsep_grp_copyB
[INFO GPL-0006] Number of instances:               959
[INFO GPL-0007] Movable instances:                 768
[INFO GPL-0008] Fixed instances:                   191
[INFO GPL-0009] Dummy instances:                     0
[INFO GPL-0010] Number of nets:                   5843
[INFO GPL-0011] Number of pins:                  18247
[INFO GPL-0012] Die BBox:       (  0.000  0.000 ) ( 346.295 346.295 ) um
[INFO GPL-0013] Placement BBox: ( 293.940  2.720 ) ( 344.080 342.720 ) um
[INFO GPL-0014] Region name: pdsep_grp_copyB.
[INFO GPL-0015] Region area:                 17047.600 um^2
[INFO GPL-0017] Fixed instances area:          238.979 um^2
[INFO GPL-0018] Movable instances area:       9430.876 um^2
[INFO GPL-0019] Utilization:                    56.107 %
[INFO GPL-0020] Standard cells area:          9430.876 um^2
[INFO GPL-0021] Large instances area:            0.000 um^2
[INFO GPL-0032] ---- Initialize Region: pdsep_grp_th0
[INFO GPL-0006] Number of instances:                14
[INFO GPL-0007] Movable instances:                   8
[INFO GPL-0008] Fixed instances:                     6
[INFO GPL-0009] Dummy instances:                     0
[INFO GPL-0010] Number of nets:                   5843
[INFO GPL-0011] Number of pins:                  18247
[INFO GPL-0012] Die BBox:       (  0.000  0.000 ) ( 346.295 346.295 ) um
[INFO GPL-0013] Placement BBox: ( 161.920 272.000 ) ( 184.920 288.320 ) um
[INFO GPL-0014] Region name: pdsep_grp_th0.
[INFO GPL-0015] Region area:                   375.360 um^2
[INFO GPL-0017] Fixed instances area:            7.507 um^2
[INFO GPL-0018] Movable instances area:         78.548 um^2
[INFO GPL-0019] Utilization:                    21.353 %
[INFO GPL-0020] Standard cells area:            78.548 um^2
[INFO GPL-0021] Large instances area:            0.000 um^2
[INFO GPL-0032] ---- Initialize Region: pdsep_grp_th1
[INFO GPL-0006] Number of instances:                14
[INFO GPL-0007] Movable instances:                   8
[INFO GPL-0008] Fixed instances:                     6
[INFO GPL-0009] Dummy instances:                     0
[INFO GPL-0010] Number of nets:                   5843
[INFO GPL-0011] Number of pins:                  18247
[INFO GPL-0012] Die BBox:       (  0.000  0.000 ) ( 346.295 346.295 ) um
[INFO GPL-0013] Placement BBox: ( 161.920 165.920 ) ( 184.920 182.240 ) um
[INFO GPL-0014] Region name: pdsep_grp_th1.
[INFO GPL-0015] Region area:                   375.360 um^2
[INFO GPL-0017] Fixed instances area:            7.507 um^2
[INFO GPL-0018] Movable instances area:         78.548 um^2
[INFO GPL-0019] Utilization:                    21.353 %
[INFO GPL-0020] Standard cells area:            78.548 um^2
[INFO GPL-0021] Large instances area:            0.000 um^2
[INFO GPL-0032] ---- Initialize Region: pdsep_grp_th2
[INFO GPL-0006] Number of instances:                14
[INFO GPL-0007] Movable instances:                   8
[INFO GPL-0008] Fixed instances:                     6
[INFO GPL-0009] Dummy instances:                     0
[INFO GPL-0010] Number of nets:                   5843
[INFO GPL-0011] Number of pins:                  18247
[INFO GPL-0012] Die BBox:       (  0.000  0.000 ) ( 346.295 346.295 ) um
[INFO GPL-0013] Placement BBox: ( 161.920 57.120 ) ( 184.920 73.440 ) um
[INFO GPL-0014] Region name: pdsep_grp_th2.
[INFO GPL-0015] Region area:                   375.360 um^2
[INFO GPL-0017] Fixed instances area:            7.507 um^2
[INFO GPL-0018] Movable instances area:         78.548 um^2
[INFO GPL-0019] Utilization:                    21.353 %
[INFO GPL-0020] Standard cells area:            78.548 um^2
[INFO GPL-0021] Large instances area:            0.000 um^2
[INFO GPL-0005] ---- Execute Conjugate Gradient Initial Placement.
[INFO GPL-0051] Source of initial instance position counters:
	Odb location = 0	Core center = 3607	Region center = 1560
[InitialPlace]  Iter: 1 conjugate gradient residual: 0.00498182 HPWL: 225510061
[InitialPlace]  Iter: 2 conjugate gradient residual: 0.01651423 HPWL: 184744117
[InitialPlace]  Iter: 3 conjugate gradient residual: 0.00504309 HPWL: 186040905
[InitialPlace]  Iter: 4 conjugate gradient residual: 0.00102301 HPWL: 179770417
[InitialPlace]  Iter: 5 conjugate gradient residual: 0.00040959 HPWL: 181222431
[InitialPlace]  Iter: 6 conjugate gradient residual: 0.00042374 HPWL: 182480796
[InitialPlace]  Iter: 7 conjugate gradient residual: 0.00035896 HPWL: 183319953
[InitialPlace]  Iter: 8 conjugate gradient residual: 0.00047155 HPWL: 185027866
[InitialPlace]  Iter: 9 conjugate gradient residual: 0.00046467 HPWL: 184913165
[InitialPlace]  Iter: 10 conjugate gradient residual: 0.00060253 HPWL: 185221049
[InitialPlace]  Iter: 11 conjugate gradient residual: 0.00049674 HPWL: 185193515
[InitialPlace]  Iter: 12 conjugate gradient residual: 0.00062748 HPWL: 184971852
[InitialPlace]  Iter: 13 conjugate gradient residual: 0.00056135 HPWL: 184779969
[InitialPlace]  Iter: 14 conjugate gradient residual: 0.00043911 HPWL: 184473473
[InitialPlace]  Iter: 15 conjugate gradient residual: 0.00057337 HPWL: 184725309
[InitialPlace]  Iter: 16 conjugate gradient residual: 0.01628678 HPWL: 184501279
[InitialPlace]  Iter: 17 conjugate gradient residual: 0.00015348 HPWL: 198696101
[InitialPlace]  Iter: 18 conjugate gradient residual: 0.00016765 HPWL: 197385623
[InitialPlace]  Iter: 19 conjugate gradient residual: 0.00016960 HPWL: 197223839
[InitialPlace]  Iter: 20 conjugate gradient residual: 0.00011435 HPWL: 197121334
[INFO GPL-0033] ---- Initialize Nesterov Region: Top-level
[INFO GPL-0023] Placement target density:       0.5460
[INFO GPL-0024] Movable insts average area:      9.177 um^2
[INFO GPL-0025] Ideal bin area:                 16.808 um^2
[INFO GPL-0026] Ideal bin count:                  6913
[INFO GPL-0027] Total bin area:             116205.200 um^2
[INFO GPL-0028] Bin count (X, Y):          64 ,     64
[INFO GPL-0029] Bin size (W * H):       5.340 *  5.312 um
[INFO GPL-0030] Number of bins:                   4096
[INFO GPL-0033] ---- Initialize Nesterov Region: pdsep_grp_copyA
[WARNING GPL-0302] Target density 0.5460 is too low for the available free area.
Automatically adjusting to uniform density 0.5700.
[INFO GPL-0023] Placement target density:       0.5700
[INFO GPL-0024] Movable insts average area:     12.280 um^2
[INFO GPL-0025] Ideal bin area:                 21.543 um^2
[INFO GPL-0026] Ideal bin count:                   791
[INFO GPL-0027] Total bin area:              17047.600 um^2
[INFO GPL-0028] Bin count (X, Y):           8 ,     32
[INFO GPL-0029] Bin size (W * H):       6.268 * 10.625 um
[INFO GPL-0030] Number of bins:                    256
[INFO GPL-0033] ---- Initialize Nesterov Region: pdsep_grp_copyB
[WARNING GPL-0302] Target density 0.5460 is too low for the available free area.
Automatically adjusting to uniform density 0.5700.
[INFO GPL-0023] Placement target density:       0.5700
[INFO GPL-0024] Movable insts average area:     12.280 um^2
[INFO GPL-0025] Ideal bin area:                 21.543 um^2
[INFO GPL-0026] Ideal bin count:                   791
[INFO GPL-0027] Total bin area:              17047.600 um^2
[INFO GPL-0028] Bin count (X, Y):           8 ,     32
[INFO GPL-0029] Bin size (W * H):       6.268 * 10.625 um
[INFO GPL-0030] Number of bins:                    256
[INFO GPL-0033] ---- Initialize Nesterov Region: pdsep_grp_th0
[INFO GPL-0023] Placement target density:       0.5460
[INFO GPL-0024] Movable insts average area:      9.819 um^2
[INFO GPL-0025] Ideal bin area:                 17.983 um^2
[INFO GPL-0026] Ideal bin count:                    20
[INFO GPL-0027] Total bin area:                375.360 um^2
[INFO GPL-0028] Bin count (X, Y):           4 ,      4
[INFO GPL-0029] Bin size (W * H):       5.750 *  4.080 um
[INFO GPL-0030] Number of bins:                     16
[INFO GPL-0033] ---- Initialize Nesterov Region: pdsep_grp_th1
[INFO GPL-0023] Placement target density:       0.5460
[INFO GPL-0024] Movable insts average area:      9.819 um^2
[INFO GPL-0025] Ideal bin area:                 17.983 um^2
[INFO GPL-0026] Ideal bin count:                    20
[INFO GPL-0027] Total bin area:                375.360 um^2
[INFO GPL-0028] Bin count (X, Y):           4 ,      4
[INFO GPL-0029] Bin size (W * H):       5.750 *  4.080 um
[INFO GPL-0030] Number of bins:                     16
[INFO GPL-0033] ---- Initialize Nesterov Region: pdsep_grp_th2
[INFO GPL-0023] Placement target density:       0.5460
[INFO GPL-0024] Movable insts average area:      9.819 um^2
[INFO GPL-0025] Ideal bin area:                 17.983 um^2
[INFO GPL-0026] Ideal bin count:                    20
[INFO GPL-0027] Total bin area:                375.360 um^2
[INFO GPL-0028] Bin count (X, Y):           4 ,      4
[INFO GPL-0029] Bin size (W * H):       5.750 *  4.080 um
[INFO GPL-0030] Number of bins:                     16
[INFO GPL-0084] ---- Execute Nesterov Global Placement.
[INFO GPL-0031] HPWL: Half-Perimeter Wirelength
Iteration | Overflow |     HPWL (um) |  HPWL(%) |   Penalty | Group
---------------------------------------------------------------
        0 |   0.9800 |  1.718535e+05 |   +0.00% |  1.04e-14 |      
        0 |   0.9713 |  1.718535e+05 |   +0.00% |  1.94e-14 |  (pdsep_grp_copyA)
        0 |   0.9840 |  1.718535e+05 |   +0.00% |  1.65e-13 |  (pdsep_grp_copyB)
        0 |   0.4256 |  1.718535e+05 |   +0.00% |  1.70e-12 |  (pdsep_grp_th0)
        0 |   0.4145 |  1.718535e+05 |   +0.00% |  8.95e-13 |  (pdsep_grp_th1)
        0 |   0.4263 |  1.718535e+05 |   +0.00% |  2.76e-12 |  (pdsep_grp_th2)
       10 |   0.9134 |  1.834351e+05 |   +6.74% |  1.68e-14 |      
       10 |   0.8410 |  1.834351e+05 |   +6.74% |  3.14e-14 |  (pdsep_grp_copyA)
       10 |   0.9531 |  1.834351e+05 |   +6.74% |  2.68e-13 |  (pdsep_grp_copyB)
       10 |   0.4205 |  1.834351e+05 |   +6.74% |  2.76e-12 |  (pdsep_grp_th0)
       10 |   0.4109 |  1.834351e+05 |   +6.74% |  1.45e-12 |  (pdsep_grp_th1)
       10 |   0.4214 |  1.834351e+05 |   +6.74% |  4.48e-12 |  (pdsep_grp_th2)
       20 |   0.7884 |  1.737158e+05 |   -5.30% |  2.74e-14 |      
       20 |   0.9018 |  1.737158e+05 |   -5.30% |  5.12e-14 |  (pdsep_grp_copyA)
       20 |   0.9459 |  1.737158e+05 |   -5.30% |  4.36e-13 |  (pdsep_grp_copyB)
       20 |   0.4216 |  1.737158e+05 |   -5.30% |  4.50e-12 |  (pdsep_grp_th0)
       20 |   0.4124 |  1.737158e+05 |   -5.30% |  2.36e-12 |  (pdsep_grp_th1)
       20 |   0.4226 |  1.737158e+05 |   -5.30% |  7.29e-12 |  (pdsep_grp_th2)
[INFO GPL-0100] Timing-driven iteration 1/2, virtual: false.
[INFO GPL-0101]    Iter: 28, overflow: 0.634, keep resizer changes at: 1, HPWL: 168951866
Iteration |   Area    | Resized | Buffers | Nets repaired | Remaining
---------------------------------------------------------------------
        0 |     +0.0% |       0 |       0 |             0 |      5849
    final |     +0.8% |      12 |      40 |             6 |         0
---------------------------------------------------------------------
[INFO RSZ-0034] Found 6 slew violations.
[INFO RSZ-0035] Found 5 fanout violations.
[INFO RSZ-0039] Resized 12 instances.
[INFO RSZ-0038] Inserted 40 buffers in 6 nets.
   Iter   |    Area   | Removed | Inserted |   Pins
          |           | Buffers | Buffers  | Remaining
-------------------------------------------------------
        0 |     +0.0% |       0 |        0 |      5757
      570 |     +0.0% |       0 |        2 |      5187
     1140 |     +0.8% |       0 |       54 |      4617
     1710 |     +1.9% |       0 |      127 |      4047
     2280 |     +4.7% |       0 |      315 |      3477
     2850 |     +7.8% |       0 |      519 |      2907
     3420 |    +10.4% |      13 |      705 |      2337
     3990 |    +10.7% |      13 |      722 |      1767
     4560 |    +10.9% |      13 |      737 |      1197
     5130 |    +10.9% |      13 |      737 |       627
     5700 |    +11.0% |      40 |      780 |        57
    final |    +11.7% |      40 |      829 |         0
-------------------------------------------------------
[INFO GPL-0106] Timing-driven: worst slack -1.1365358e-09
[INFO GPL-0107] Timing-driven: repair_design delta area: 6339.580 um^2 (+19.15%)
[INFO GPL-0108] Timing-driven: repair_design, gpl delta gcells: 829 (+16.04%)
[INFO GPL-0109] Timing-driven: repair_design, gcells created: 869, deleted: 40
[INFO GPL-0110] Timing-driven: new target density: 0.6256666
[INFO GPL-0107] Timing-driven: repair_design delta area: 0.000 um^2 (+0.00%)
[INFO GPL-0108] Timing-driven: repair_design, gpl delta gcells: 829 (+16.04%)
[INFO GPL-0109] Timing-driven: repair_design, gcells created: 0, deleted: 0
[INFO GPL-0110] Timing-driven: new target density: 0.57
[INFO GPL-0107] Timing-driven: repair_design delta area: 0.000 um^2 (+0.00%)
[INFO GPL-0108] Timing-driven: repair_design, gpl delta gcells: 829 (+16.04%)
[INFO GPL-0109] Timing-driven: repair_design, gcells created: 0, deleted: 0
[INFO GPL-0110] Timing-driven: new target density: 0.57
[INFO GPL-0107] Timing-driven: repair_design delta area: 0.000 um^2 (+0.00%)
[INFO GPL-0108] Timing-driven: repair_design, gpl delta gcells: 829 (+16.04%)
[INFO GPL-0109] Timing-driven: repair_design, gcells created: 0, deleted: 0
[INFO GPL-0110] Timing-driven: new target density: 0.546
[INFO GPL-0107] Timing-driven: repair_design delta area: 0.000 um^2 (+0.00%)
[INFO GPL-0108] Timing-driven: repair_design, gpl delta gcells: 829 (+16.04%)
[INFO GPL-0109] Timing-driven: repair_design, gcells created: 0, deleted: 0
[INFO GPL-0110] Timing-driven: new target density: 0.546
[INFO GPL-0107] Timing-driven: repair_design delta area: 0.000 um^2 (+0.00%)
[INFO GPL-0108] Timing-driven: repair_design, gpl delta gcells: 829 (+16.04%)
[INFO GPL-0109] Timing-driven: repair_design, gcells created: 0, deleted: 0
[INFO GPL-0110] Timing-driven: new target density: 0.546
Iteration | Overflow |     HPWL (um) |  HPWL(%) |   Penalty | Group
---------------------------------------------------------------
       30 |   0.6753 |  1.805795e+05 |   +3.95% |  4.47e-14 |      
       30 |   0.8956 |  1.805795e+05 |   +3.95% |  8.33e-14 |  (pdsep_grp_copyA)
       30 |   0.9356 |  1.805795e+05 |   +3.95% |  7.10e-13 |  (pdsep_grp_copyB)
       30 |   0.4195 |  1.805795e+05 |   +3.95% |  7.32e-12 |  (pdsep_grp_th0)
       30 |   0.3980 |  1.805795e+05 |   +3.95% |  3.85e-12 |  (pdsep_grp_th1)
       30 |   0.4207 |  1.805795e+05 |   +3.95% |  1.19e-11 |  (pdsep_grp_th2)
[INFO GPL-0038] Routability snapshot saved at iter = 33
       32 |   0.5850 |  1.722208e+05 |          |           |      
       40 |   0.6639 |  1.647873e+05 |   -8.75% |  7.27e-14 |      
       40 |   0.8954 |  1.647873e+05 |   -8.75% |  1.36e-13 |  (pdsep_grp_copyA)
       40 |   0.9366 |  1.647873e+05 |   -8.75% |  1.15e-12 |  (pdsep_grp_copyB)
       40 |   0.3525 |  1.647873e+05 |   -8.75% |  1.11e-11 |  (pdsep_grp_th0)
       40 |   0.3298 |  1.647873e+05 |   -8.75% |  5.78e-12 |  (pdsep_grp_th1)
       40 |   0.3560 |  1.647873e+05 |   -8.75% |  1.80e-11 |  (pdsep_grp_th2)
       50 |   0.6900 |  1.607774e+05 |   -2.43% |  1.18e-13 |      
       50 |   0.8980 |  1.607774e+05 |   -2.43% |  2.21e-13 |  (pdsep_grp_copyA)
       50 |   0.9366 |  1.607774e+05 |   -2.43% |  1.88e-12 |  (pdsep_grp_copyB)
       50 |   0.3524 |  1.607774e+05 |   -2.43% |  1.64e-11 |  (pdsep_grp_th0)
       50 |   0.3253 |  1.607774e+05 |   -2.43% |  8.51e-12 |  (pdsep_grp_th1)
       50 |   0.3554 |  1.607774e+05 |   -2.43% |  2.65e-11 |  (pdsep_grp_th2)
       60 |   0.7013 |  1.590646e+05 |   -1.07% |  1.93e-13 |      
       60 |   0.8976 |  1.590646e+05 |   -1.07% |  3.60e-13 |  (pdsep_grp_copyA)
       60 |   0.9345 |  1.590646e+05 |   -1.07% |  3.06e-12 |  (pdsep_grp_copyB)
       60 |   0.3557 |  1.590646e+05 |   -1.07% |  2.41e-11 |  (pdsep_grp_th0)
       60 |   0.3404 |  1.590646e+05 |   -1.07% |  1.25e-11 |  (pdsep_grp_th1)
       60 |   0.3591 |  1.590646e+05 |   -1.07% |  3.91e-11 |  (pdsep_grp_th2)
       70 |   0.7012 |  1.589483e+05 |   -0.07% |  3.14e-13 |      
       70 |   0.8936 |  1.589483e+05 |   -0.07% |  5.86e-13 |  (pdsep_grp_copyA)
       70 |   0.9314 |  1.589483e+05 |   -0.07% |  4.99e-12 |  (pdsep_grp_copyB)
       70 |   0.3551 |  1.589483e+05 |   -0.07% |  3.55e-11 |  (pdsep_grp_th0)
       70 |   0.3491 |  1.589483e+05 |   -0.07% |  1.85e-11 |  (pdsep_grp_th1)
       70 |   0.3588 |  1.589483e+05 |   -0.07% |  5.76e-11 |  (pdsep_grp_th2)
       80 |   0.7035 |  1.590076e+05 |   +0.04% |  5.11e-13 |      
       80 |   0.8907 |  1.590076e+05 |   +0.04% |  9.54e-13 |  (pdsep_grp_copyA)
       80 |   0.9295 |  1.590076e+05 |   +0.04% |  8.13e-12 |  (pdsep_grp_copyB)
       80 |   0.3537 |  1.590076e+05 |   +0.04% |  5.23e-11 |  (pdsep_grp_th0)
       80 |   0.3388 |  1.590076e+05 |   +0.04% |  2.72e-11 |  (pdsep_grp_th1)
       80 |   0.3574 |  1.590076e+05 |   +0.04% |  8.48e-11 |  (pdsep_grp_th2)
       90 |   0.7059 |  1.593584e+05 |   +0.22% |  8.33e-13 |      
       90 |   0.8916 |  1.593584e+05 |   +0.22% |  1.55e-12 |  (pdsep_grp_copyA)
       90 |   0.9295 |  1.593584e+05 |   +0.22% |  1.32e-11 |  (pdsep_grp_copyB)
       90 |   0.3539 |  1.593584e+05 |   +0.22% |  7.70e-11 |  (pdsep_grp_th0)
       90 |   0.3287 |  1.593584e+05 |   +0.22% |  4.01e-11 |  (pdsep_grp_th1)
       90 |   0.3576 |  1.593584e+05 |   +0.22% |  1.25e-10 |  (pdsep_grp_th2)
      100 |   0.7043 |  1.596921e+05 |   +0.21% |  1.36e-12 |      
      100 |   0.8932 |  1.596921e+05 |   +0.21% |  2.53e-12 |  (pdsep_grp_copyA)
      100 |   0.9313 |  1.596921e+05 |   +0.21% |  2.16e-11 |  (pdsep_grp_copyB)
      100 |   0.3536 |  1.596921e+05 |   +0.21% |  1.13e-10 |  (pdsep_grp_th0)
      100 |   0.3281 |  1.596921e+05 |   +0.21% |  5.91e-11 |  (pdsep_grp_th1)
      100 |   0.3571 |  1.596921e+05 |   +0.21% |  1.84e-10 |  (pdsep_grp_th2)
      110 |   0.6998 |  1.597904e+05 |   +0.06% |  2.21e-12 |      
      110 |   0.8941 |  1.597904e+05 |   +0.06% |  4.12e-12 |  (pdsep_grp_copyA)
      110 |   0.9329 |  1.597904e+05 |   +0.06% |  3.51e-11 |  (pdsep_grp_copyB)
      110 |   0.3529 |  1.597904e+05 |   +0.06% |  1.67e-10 |  (pdsep_grp_th0)
      110 |   0.3273 |  1.597904e+05 |   +0.06% |  8.70e-11 |  (pdsep_grp_th1)
      110 |   0.3564 |  1.597904e+05 |   +0.06% |  2.71e-10 |  (pdsep_grp_th2)
      120 |   0.7007 |  1.597069e+05 |   -0.05% |  3.60e-12 |      
      120 |   0.8941 |  1.597069e+05 |   -0.05% |  6.72e-12 |  (pdsep_grp_copyA)
      120 |   0.9331 |  1.597069e+05 |   -0.05% |  5.72e-11 |  (pdsep_grp_copyB)
      120 |   0.3531 |  1.597069e+05 |   -0.05% |  2.46e-10 |  (pdsep_grp_th0)
      120 |   0.3278 |  1.597069e+05 |   -0.05% |  1.28e-10 |  (pdsep_grp_th1)
      120 |   0.3565 |  1.597069e+05 |   -0.05% |  3.99e-10 |  (pdsep_grp_th2)
      130 |   0.7012 |  1.595669e+05 |   -0.09% |  5.86e-12 |      
      130 |   0.8936 |  1.595669e+05 |   -0.09% |  1.09e-11 |  (pdsep_grp_copyA)
      130 |   0.9319 |  1.595669e+05 |   -0.09% |  9.32e-11 |  (pdsep_grp_copyB)
      130 |   0.3531 |  1.595669e+05 |   -0.09% |  3.63e-10 |  (pdsep_grp_th0)
      130 |   0.3281 |  1.595669e+05 |   -0.09% |  1.89e-10 |  (pdsep_grp_th1)
      130 |   0.3564 |  1.595669e+05 |   -0.09% |  5.88e-10 |  (pdsep_grp_th2)
      140 |   0.7044 |  1.594367e+05 |   -0.08% |  9.55e-12 |      
      140 |   0.8935 |  1.594367e+05 |   -0.08% |  1.78e-11 |  (pdsep_grp_copyA)
      140 |   0.9295 |  1.594367e+05 |   -0.08% |  1.52e-10 |  (pdsep_grp_copyB)
      140 |   0.3518 |  1.594367e+05 |   -0.08% |  5.34e-10 |  (pdsep_grp_th0)
      140 |   0.3268 |  1.594367e+05 |   -0.08% |  2.78e-10 |  (pdsep_grp_th1)
      140 |   0.3549 |  1.594367e+05 |   -0.08% |  8.67e-10 |  (pdsep_grp_th2)
      150 |   0.7074 |  1.594357e+05 |   -0.00% |  1.56e-11 |      
      150 |   0.8933 |  1.594357e+05 |   -0.00% |  2.90e-11 |  (pdsep_grp_copyA)
      150 |   0.9272 |  1.594357e+05 |   -0.00% |  2.47e-10 |  (pdsep_grp_copyB)
      150 |   0.3506 |  1.594357e+05 |   -0.00% |  7.87e-10 |  (pdsep_grp_th0)
      150 |   0.3257 |  1.594357e+05 |   -0.00% |  4.10e-10 |  (pdsep_grp_th1)
      150 |   0.3534 |  1.594357e+05 |   -0.00% |  1.28e-09 |  (pdsep_grp_th2)
      160 |   0.7067 |  1.597328e+05 |   +0.19% |  2.53e-11 |      
      160 |   0.8922 |  1.597328e+05 |   +0.19% |  4.73e-11 |  (pdsep_grp_copyA)
      160 |   0.9215 |  1.597328e+05 |   +0.19% |  4.03e-10 |  (pdsep_grp_copyB)
      160 |   0.3494 |  1.597328e+05 |   +0.19% |  1.16e-09 |  (pdsep_grp_th0)
      160 |   0.3252 |  1.597328e+05 |   +0.19% |  6.04e-10 |  (pdsep_grp_th1)
      160 |   0.3521 |  1.597328e+05 |   +0.19% |  1.88e-09 |  (pdsep_grp_th2)
      170 |   0.7030 |  1.604213e+05 |   +0.43% |  4.13e-11 |      
      170 |   0.8881 |  1.604213e+05 |   +0.43% |  7.70e-11 |  (pdsep_grp_copyA)
      170 |   0.9118 |  1.604213e+05 |   +0.43% |  6.56e-10 |  (pdsep_grp_copyB)
      170 |   0.3479 |  1.604213e+05 |   +0.43% |  1.71e-09 |  (pdsep_grp_th0)
      170 |   0.3248 |  1.604213e+05 |   +0.43% |  8.89e-10 |  (pdsep_grp_th1)
      170 |   0.3505 |  1.604213e+05 |   +0.43% |  2.77e-09 |  (pdsep_grp_th2)
      180 |   0.6924 |  1.616558e+05 |   +0.77% |  6.72e-11 |      
      180 |   0.8800 |  1.616558e+05 |   +0.77% |  1.25e-10 |  (pdsep_grp_copyA)
      180 |   0.8984 |  1.616558e+05 |   +0.77% |  1.07e-09 |  (pdsep_grp_copyB)
      180 |   0.3465 |  1.616558e+05 |   +0.77% |  2.52e-09 |  (pdsep_grp_th0)
      180 |   0.3249 |  1.616558e+05 |   +0.77% |  1.31e-09 |  (pdsep_grp_th1)
      180 |   0.3482 |  1.616558e+05 |   +0.77% |  4.08e-09 |  (pdsep_grp_th2)
      190 |   0.6801 |  1.634674e+05 |   +1.12% |  1.10e-10 |      
      190 |   0.8748 |  1.634674e+05 |   +1.12% |  2.04e-10 |  (pdsep_grp_copyA)
      190 |   0.8821 |  1.634674e+05 |   +1.12% |  1.74e-09 |  (pdsep_grp_copyB)
      190 |   0.3439 |  1.634674e+05 |   +1.12% |  3.71e-09 |  (pdsep_grp_th0)
      190 |   0.3237 |  1.634674e+05 |   +1.12% |  1.93e-09 |  (pdsep_grp_th1)
      190 |   0.3429 |  1.634674e+05 |   +1.12% |  6.01e-09 |  (pdsep_grp_th2)
      200 |   0.6629 |  1.657707e+05 |   +1.41% |  1.78e-10 |      
      200 |   0.8622 |  1.657707e+05 |   +1.41% |  3.33e-10 |  (pdsep_grp_copyA)
      200 |   0.8634 |  1.657707e+05 |   +1.41% |  2.83e-09 |  (pdsep_grp_copyB)
      200 |   0.3413 |  1.657707e+05 |   +1.41% |  5.46e-09 |  (pdsep_grp_th0)
      200 |   0.3155 |  1.657707e+05 |   +1.41% |  2.84e-09 |  (pdsep_grp_th1)
      200 |   0.3290 |  1.657707e+05 |   +1.41% |  8.85e-09 |  (pdsep_grp_th2)
      210 |   0.6398 |  1.683419e+05 |   +1.55% |  2.90e-10 |      
      210 |   0.8473 |  1.683419e+05 |   +1.55% |  5.42e-10 |  (pdsep_grp_copyA)
      210 |   0.8345 |  1.683419e+05 |   +1.55% |  4.61e-09 |  (pdsep_grp_copyB)
      210 |   0.3364 |  1.683419e+05 |   +1.55% |  8.04e-09 |  (pdsep_grp_th0)
      210 |   0.2929 |  1.683419e+05 |   +1.55% |  4.19e-09 |  (pdsep_grp_th1)
      210 |   0.3091 |  1.683419e+05 |   +1.55% |  1.30e-08 |  (pdsep_grp_th2)
      220 |   0.6162 |  1.712450e+05 |   +1.72% |  4.73e-10 |      
      220 |   0.8259 |  1.712450e+05 |   +1.72% |  8.82e-10 |  (pdsep_grp_copyA)
      220 |   0.7887 |  1.712450e+05 |   +1.72% |  7.51e-09 |  (pdsep_grp_copyB)
      220 |   0.3208 |  1.712450e+05 |   +1.72% |  1.18e-08 |  (pdsep_grp_th0)
      220 |   0.2876 |  1.712450e+05 |   +1.72% |  6.16e-09 |  (pdsep_grp_th1)
      220 |   0.2857 |  1.712450e+05 |   +1.72% |  1.92e-08 |  (pdsep_grp_th2)
      230 |   0.5965 |  1.733858e+05 |   +1.25% |  7.70e-10 |      
      230 |   0.8018 |  1.733858e+05 |   +1.25% |  1.44e-09 |  (pdsep_grp_copyA)
      230 |   0.6345 |  1.733858e+05 |   +1.25% |  1.22e-08 |  (pdsep_grp_copyB)
      230 |   0.3165 |  1.733858e+05 |   +1.25% |  1.74e-08 |  (pdsep_grp_th0)
      230 |   0.2654 |  1.733858e+05 |   +1.25% |  9.08e-09 |  (pdsep_grp_th1)
      230 |   0.2767 |  1.733858e+05 |   +1.25% |  2.83e-08 |  (pdsep_grp_th2)
      240 |   0.5934 |  1.732349e+05 |   -0.09% |  1.25e-09 |      
      240 |   0.7274 |  1.732349e+05 |   -0.09% |  2.34e-09 |  (pdsep_grp_copyA)
      240 |   0.4475 |  1.732349e+05 |   -0.09% |  1.99e-08 |  (pdsep_grp_copyB)
      240 |   0.3126 |  1.732349e+05 |   -0.09% |  2.57e-08 |  (pdsep_grp_th0)
      240 |   0.2277 |  1.732349e+05 |   -0.09% |  1.34e-08 |  (pdsep_grp_th1)
      240 |   0.2710 |  1.732349e+05 |   -0.09% |  4.17e-08 |  (pdsep_grp_th2)
      250 |   0.6058 |  1.727039e+05 |   -0.31% |  2.04e-09 |      
      250 |   0.6637 |  1.727039e+05 |   -0.31% |  3.81e-09 |  (pdsep_grp_copyA)
      250 |   0.3394 |  1.727039e+05 |   -0.31% |  3.25e-08 |  (pdsep_grp_copyB)
      250 |   0.2834 |  1.727039e+05 |   -0.31% |  3.78e-08 |  (pdsep_grp_th0)
      250 |   0.2166 |  1.727039e+05 |   -0.31% |  1.97e-08 |  (pdsep_grp_th1)
      250 |   0.2318 |  1.727039e+05 |   -0.31% |  6.14e-08 |  (pdsep_grp_th2)
      260 |   0.6090 |  1.736945e+05 |   +0.57% |  3.33e-09 |      
      260 |   0.6022 |  1.736945e+05 |   +0.57% |  6.21e-09 |  (pdsep_grp_copyA)
      260 |   0.2915 |  1.736945e+05 |   +0.57% |  4.78e-08 |  (pdsep_grp_copyB)
      260 |   0.2409 |  1.736945e+05 |   +0.57% |  5.57e-08 |  (pdsep_grp_th0)
      260 |   0.1945 |  1.736945e+05 |   +0.57% |  2.90e-08 |  (pdsep_grp_th1)
      260 |   0.1932 |  1.736945e+05 |   +0.57% |  9.04e-08 |  (pdsep_grp_th2)
      270 |   0.5896 |  1.761811e+05 |   +1.43% |  5.42e-09 |      
      270 |   0.5391 |  1.761811e+05 |   +1.43% |  1.01e-08 |  (pdsep_grp_copyA)
      270 |   0.2395 |  1.761811e+05 |   +1.43% |  7.04e-08 |  (pdsep_grp_copyB)
      270 |   0.1980 |  1.761811e+05 |   +1.43% |  8.21e-08 |  (pdsep_grp_th0)
      270 |   0.1831 |  1.761811e+05 |   +1.43% |  4.27e-08 |  (pdsep_grp_th1)
      270 |   0.1576 |  1.761811e+05 |   +1.43% |  1.33e-07 |  (pdsep_grp_th2)
[INFO GPL-0040] Routability iteration: 1
[INFO GPL-0088] Tiles the placer can act on: 1228 of 2500 (49.12%)
[INFO GPL-0041] Total routing overflow: 83.3787
[INFO GPL-0042] Number of overflowed tiles: 189 (15.39%)
[INFO GPL-0043] Average top 0.5% routing congestion: 2.4644
[INFO GPL-0044] Average top 1.0% routing congestion: 2.3272
[INFO GPL-0045] Average top 2.0% routing congestion: 2.1503
[INFO GPL-0046] Average top 5.0% routing congestion: 1.8703
[INFO GPL-0047] Routability iteration weighted routing congestion: 2.3958
[INFO GPL-0048] Routing congestion (2.3958) lower than previous minimum (1e+30). Updating minimum.
[INFO GPL-0099] Routability inflation trimmed to 8.99% of what this iteration asked for; 25.00% of the 30.00% budget still unspent.
[INFO GPL-0086] Inflated area:                2480.205 um^2 (+6.29%)
[INFO GPL-0052] Placement target density:       0.6257
[INFO GPL-0076] Removing fillers, count: Before: 1147, After: 872 (-23.98%)
[INFO GPL-0077] Filler area (um^2)     : Before: 10345.769, After: 7863.202 (-24.00%)
[INFO GPL-0078] Removed fillers count: 275, area removed: 2479.794 um^2. Remaining area to be compensated by modifying density: 0.411 um^2
[INFO GPL-0086] Inflated area:                  43.523 um^2 (+0.46%)
[INFO GPL-0052] Placement target density:       0.5700
[INFO GPL-0076] Removing fillers, count: Before: 12, After: 9 (-25.00%)
[INFO GPL-0077] Filler area (um^2)     : Before: 150.751, After: 112.673 (-25.26%)
[INFO GPL-0078] Removed fillers count: 3, area removed: 37.558 um^2. Remaining area to be compensated by modifying density: 5.965 um^2
[INFO GPL-0086] Inflated area:                  65.238 um^2 (+0.69%)
[INFO GPL-0052] Placement target density:       0.5700
[INFO GPL-0076] Removing fillers, count: Before: 11, After: 6 (-45.45%)
[INFO GPL-0077] Filler area (um^2)     : Before: 150.038, After: 75.115 (-49.94%)
[INFO GPL-0078] Removed fillers count: 5, area removed: 62.596 um^2. Remaining area to be compensated by modifying density: 2.643 um^2
[INFO GPL-0086] Inflated area:                   0.000 um^2 (+0.00%)
[INFO GPL-0052] Placement target density:       0.5460
[INFO GPL-0076] Removing fillers, count: Before: 14, After: 14 (+0.00%)
[INFO GPL-0077] Filler area (um^2)     : Before: 122.300, After: 119.398 (-2.37%)
[INFO GPL-0078] Removed fillers count: 0, area removed: 0.000 um^2. Remaining area to be compensated by modifying density: 0.000 um^2
[INFO GPL-0086] Inflated area:                  11.826 um^2 (+15.06%)
[INFO GPL-0052] Placement target density:       0.5460
[INFO GPL-0076] Removing fillers, count: Before: 14, After: 13 (-7.14%)
[INFO GPL-0077] Filler area (um^2)     : Before: 122.300, After: 110.869 (-9.35%)
[INFO GPL-0078] Removed fillers count: 1, area removed: 8.528 um^2. Remaining area to be compensated by modifying density: 3.297 um^2
[INFO GPL-0086] Inflated area:                   0.000 um^2 (+0.00%)
[INFO GPL-0052] Placement target density:       0.5460
[INFO GPL-0076] Removing fillers, count: Before: 14, After: 14 (+0.00%)
[INFO GPL-0077] Filler area (um^2)     : Before: 122.300, After: 119.398 (-2.37%)
[INFO GPL-0078] Removed fillers count: 0, area removed: 0.000 um^2. Remaining area to be compensated by modifying density: 0.000 um^2
[INFO GPL-0058] White space area:            79576.320 um^2 (+0.00%)
[INFO GPL-0059] Movable instances area:      49788.244 um^2 (+0.00%)
[INFO GPL-0060] Total filler area:            7863.202 um^2 (-24.00%)
[INFO GPL-0061] Total non-inflated area:     49785.886 um^2 (-0.00%)
[INFO GPL-0062] Total inflated area:         52266.091 um^2 (-0.00%)
[INFO GPL-0063] New Target Density:             0.6257
[INFO GPL-0058] White space area:            16809.872 um^2 (+0.00%)
[INFO GPL-0059] Movable instances area:       9581.627 um^2 (+0.00%)
[INFO GPL-0060] Total filler area:             112.673 um^2 (-25.26%)
[INFO GPL-0061] Total non-inflated area:      9587.071 um^2 (+0.06%)
[INFO GPL-0062] Total inflated area:          9630.594 um^2 (+0.06%)
[INFO GPL-0063] New Target Density:             0.5700
[INFO GPL-0058] White space area:            16808.621 um^2 (+0.00%)
[INFO GPL-0059] Movable instances area:       9580.914 um^2 (+0.00%)
[INFO GPL-0060] Total filler area:              75.115 um^2 (-49.94%)
[INFO GPL-0061] Total non-inflated area:      9571.230 um^2 (-0.10%)
[INFO GPL-0062] Total inflated area:          9636.468 um^2 (-0.10%)
[INFO GPL-0063] New Target Density:             0.5700
[INFO GPL-0058] White space area:              367.853 um^2 (+0.00%)
[INFO GPL-0059] Movable instances area:        200.848 um^2 (+0.00%)
[INFO GPL-0060] Total filler area:             119.398 um^2 (-2.37%)
[INFO GPL-0061] Total non-inflated area:       197.946 um^2 (-1.44%)
[INFO GPL-0062] Total inflated area:           197.946 um^2 (-1.44%)
[INFO GPL-0063] New Target Density:             0.5460
[INFO GPL-0058] White space area:              367.853 um^2 (+0.00%)
[INFO GPL-0059] Movable instances area:        200.848 um^2 (+0.00%)
[INFO GPL-0060] Total filler area:             110.869 um^2 (-9.35%)
[INFO GPL-0061] Total non-inflated area:       201.243 um^2 (+0.20%)
[INFO GPL-0062] Total inflated area:           213.069 um^2 (+0.19%)
[INFO GPL-0063] New Target Density:             0.5460
[INFO GPL-0058] White space area:              367.853 um^2 (+0.00%)
[INFO GPL-0059] Movable instances area:        200.848 um^2 (+0.00%)
[INFO GPL-0060] Total filler area:             119.398 um^2 (-2.37%)
[INFO GPL-0061] Total non-inflated area:       197.946 um^2 (-1.44%)
[INFO GPL-0062] Total inflated area:           197.946 um^2 (-1.44%)
[INFO GPL-0063] New Target Density:             0.5460
[INFO GPL-0087] Routability end iteration: increase inflation and revert back to snapshot.
Iteration | Overflow |     HPWL (um) |  HPWL(%) |   Penalty | Group
---------------------------------------------------------------
      280 |   0.6805 |  1.669931e+05 |   +0.00% |  5.98e-14 |      
      280 |   0.8946 |  1.669931e+05 |   +0.00% |  1.11e-13 |  (pdsep_grp_copyA)
      280 |   0.9364 |  1.669931e+05 |   +0.00% |  9.22e-13 |  (pdsep_grp_copyB)
      280 |   0.3598 |  1.669931e+05 |   +0.00% |  9.51e-12 |  (pdsep_grp_th0)
      280 |   0.4174 |  1.669931e+05 |   +0.00% |  4.95e-12 |  (pdsep_grp_th1)
      280 |   0.3627 |  1.669931e+05 |   +0.00% |  1.54e-11 |  (pdsep_grp_th2)
      290 |   0.6952 |  1.625126e+05 |   -2.68% |  9.74e-14 |      
      290 |   0.8954 |  1.625126e+05 |   -2.68% |  1.82e-13 |  (pdsep_grp_copyA)
      290 |   0.9370 |  1.625126e+05 |   -2.68% |  1.36e-12 |  (pdsep_grp_copyB)
      290 |   0.3516 |  1.625126e+05 |   -2.68% |  1.40e-11 |  (pdsep_grp_th0)
      290 |   0.4056 |  1.625126e+05 |   -2.68% |  7.29e-12 |  (pdsep_grp_th1)
      290 |   0.3545 |  1.625126e+05 |   -2.68% |  2.27e-11 |  (pdsep_grp_th2)
      300 |   0.7124 |  1.602390e+05 |   -1.40% |  1.59e-13 |      
      300 |   0.8943 |  1.602390e+05 |   -1.40% |  2.96e-13 |  (pdsep_grp_copyA)
      300 |   0.9352 |  1.602390e+05 |   -1.40% |  2.00e-12 |  (pdsep_grp_copyB)
      300 |   0.3545 |  1.602390e+05 |   -1.40% |  2.06e-11 |  (pdsep_grp_th0)
      300 |   0.4094 |  1.602390e+05 |   -1.40% |  1.07e-11 |  (pdsep_grp_th1)
      300 |   0.3573 |  1.602390e+05 |   -1.40% |  3.35e-11 |  (pdsep_grp_th2)
      310 |   0.7113 |  1.598713e+05 |   -0.23% |  2.58e-13 |      
      310 |   0.8909 |  1.598713e+05 |   -0.23% |  4.82e-13 |  (pdsep_grp_copyA)
      310 |   0.9317 |  1.598713e+05 |   -0.23% |  2.95e-12 |  (pdsep_grp_copyB)
      310 |   0.3563 |  1.598713e+05 |   -0.23% |  3.04e-11 |  (pdsep_grp_th0)
      310 |   0.4129 |  1.598713e+05 |   -0.23% |  1.58e-11 |  (pdsep_grp_th1)
      310 |   0.3590 |  1.598713e+05 |   -0.23% |  4.93e-11 |  (pdsep_grp_th2)
      320 |   0.7109 |  1.599600e+05 |   +0.06% |  4.21e-13 |      
      320 |   0.8891 |  1.599600e+05 |   +0.06% |  7.85e-13 |  (pdsep_grp_copyA)
      320 |   0.9295 |  1.599600e+05 |   +0.06% |  4.34e-12 |  (pdsep_grp_copyB)
      320 |   0.3548 |  1.599600e+05 |   +0.06% |  4.48e-11 |  (pdsep_grp_th0)
      320 |   0.4109 |  1.599600e+05 |   +0.06% |  2.33e-11 |  (pdsep_grp_th1)
      320 |   0.3574 |  1.599600e+05 |   +0.06% |  7.26e-11 |  (pdsep_grp_th2)
      330 |   0.7107 |  1.603322e+05 |   +0.23% |  6.85e-13 |      
      330 |   0.8898 |  1.603322e+05 |   +0.23% |  1.28e-12 |  (pdsep_grp_copyA)
      330 |   0.9291 |  1.603322e+05 |   +0.23% |  6.39e-12 |  (pdsep_grp_copyB)
      330 |   0.3539 |  1.603322e+05 |   +0.23% |  6.60e-11 |  (pdsep_grp_th0)
      330 |   0.4097 |  1.603322e+05 |   +0.23% |  3.43e-11 |  (pdsep_grp_th1)
      330 |   0.3564 |  1.603322e+05 |   +0.23% |  1.07e-10 |  (pdsep_grp_th2)
      340 |   0.7108 |  1.607899e+05 |   +0.29% |  1.12e-12 |      
      340 |   0.8915 |  1.607899e+05 |   +0.29% |  2.08e-12 |  (pdsep_grp_copyA)
      340 |   0.9303 |  1.607899e+05 |   +0.29% |  9.42e-12 |  (pdsep_grp_copyB)
      340 |   0.3539 |  1.607899e+05 |   +0.29% |  9.72e-11 |  (pdsep_grp_th0)
      340 |   0.4097 |  1.607899e+05 |   +0.29% |  5.06e-11 |  (pdsep_grp_th1)
      340 |   0.3562 |  1.607899e+05 |   +0.29% |  1.58e-10 |  (pdsep_grp_th2)
      350 |   0.7079 |  1.609234e+05 |   +0.08% |  1.82e-12 |      
      350 |   0.8931 |  1.609234e+05 |   +0.08% |  3.39e-12 |  (pdsep_grp_copyA)
      350 |   0.9321 |  1.609234e+05 |   +0.08% |  1.39e-11 |  (pdsep_grp_copyB)
      350 |   0.3539 |  1.609234e+05 |   +0.08% |  1.43e-10 |  (pdsep_grp_th0)
      350 |   0.4099 |  1.609234e+05 |   +0.08% |  7.45e-11 |  (pdsep_grp_th1)
      350 |   0.3562 |  1.609234e+05 |   +0.08% |  2.32e-10 |  (pdsep_grp_th2)
      360 |   0.7051 |  1.607930e+05 |   -0.08% |  2.96e-12 |      
      360 |   0.8937 |  1.607930e+05 |   -0.08% |  5.52e-12 |  (pdsep_grp_copyA)
      360 |   0.9332 |  1.607930e+05 |   -0.08% |  2.04e-11 |  (pdsep_grp_copyB)
      360 |   0.3543 |  1.607930e+05 |   -0.08% |  2.11e-10 |  (pdsep_grp_th0)
      360 |   0.4103 |  1.607930e+05 |   -0.08% |  1.10e-10 |  (pdsep_grp_th1)
      360 |   0.3564 |  1.607930e+05 |   -0.08% |  3.42e-10 |  (pdsep_grp_th2)
      370 |   0.7075 |  1.605687e+05 |   -0.14% |  4.82e-12 |      
      370 |   0.8938 |  1.605687e+05 |   -0.14% |  9.00e-12 |  (pdsep_grp_copyA)
      370 |   0.9337 |  1.605687e+05 |   -0.14% |  3.01e-11 |  (pdsep_grp_copyB)
      370 |   0.3540 |  1.605687e+05 |   -0.14% |  3.11e-10 |  (pdsep_grp_th0)
      370 |   0.4101 |  1.605687e+05 |   -0.14% |  1.62e-10 |  (pdsep_grp_th1)
      370 |   0.3560 |  1.605687e+05 |   -0.14% |  5.04e-10 |  (pdsep_grp_th2)
      380 |   0.7112 |  1.603335e+05 |   -0.15% |  7.86e-12 |      
      380 |   0.8938 |  1.603335e+05 |   -0.15% |  1.47e-11 |  (pdsep_grp_copyA)
      380 |   0.9331 |  1.603335e+05 |   -0.15% |  4.44e-11 |  (pdsep_grp_copyB)
      380 |   0.3526 |  1.603335e+05 |   -0.15% |  4.58e-10 |  (pdsep_grp_th0)
      380 |   0.4087 |  1.603335e+05 |   -0.15% |  2.38e-10 |  (pdsep_grp_th1)
      380 |   0.3545 |  1.603335e+05 |   -0.15% |  7.42e-10 |  (pdsep_grp_th2)
      390 |   0.7148 |  1.601632e+05 |   -0.11% |  1.28e-11 |      
      390 |   0.8937 |  1.601632e+05 |   -0.11% |  2.39e-11 |  (pdsep_grp_copyA)
      390 |   0.9312 |  1.601632e+05 |   -0.11% |  6.53e-11 |  (pdsep_grp_copyB)
      390 |   0.3509 |  1.601632e+05 |   -0.11% |  6.74e-10 |  (pdsep_grp_th0)
      390 |   0.4067 |  1.601632e+05 |   -0.11% |  3.51e-10 |  (pdsep_grp_th1)
      390 |   0.3525 |  1.601632e+05 |   -0.11% |  1.09e-09 |  (pdsep_grp_th2)
      400 |   0.7178 |  1.601517e+05 |   -0.01% |  2.09e-11 |      
      400 |   0.8932 |  1.601517e+05 |   -0.01% |  3.89e-11 |  (pdsep_grp_copyA)
      400 |   0.9303 |  1.601517e+05 |   -0.01% |  9.63e-11 |  (pdsep_grp_copyB)
      400 |   0.3493 |  1.601517e+05 |   -0.01% |  9.93e-10 |  (pdsep_grp_th0)
      400 |   0.4053 |  1.601517e+05 |   -0.01% |  5.17e-10 |  (pdsep_grp_th1)
      400 |   0.3511 |  1.601517e+05 |   -0.01% |  1.61e-09 |  (pdsep_grp_th2)
      410 |   0.7164 |  1.603499e+05 |   +0.12% |  3.40e-11 |      
      410 |   0.8915 |  1.603499e+05 |   +0.12% |  6.34e-11 |  (pdsep_grp_copyA)
      410 |   0.9280 |  1.603499e+05 |   +0.12% |  1.42e-10 |  (pdsep_grp_copyB)
      410 |   0.3479 |  1.603499e+05 |   +0.12% |  1.46e-09 |  (pdsep_grp_th0)
      410 |   0.4046 |  1.603499e+05 |   +0.12% |  7.62e-10 |  (pdsep_grp_th1)
      410 |   0.3493 |  1.603499e+05 |   +0.12% |  2.37e-09 |  (pdsep_grp_th2)
      420 |   0.7106 |  1.607889e+05 |   +0.27% |  5.53e-11 |      
      420 |   0.8873 |  1.607889e+05 |   +0.27% |  1.03e-10 |  (pdsep_grp_copyA)
      420 |   0.9248 |  1.607889e+05 |   +0.27% |  2.09e-10 |  (pdsep_grp_copyB)
      420 |   0.3457 |  1.607889e+05 |   +0.27% |  2.16e-09 |  (pdsep_grp_th0)
      420 |   0.4029 |  1.607889e+05 |   +0.27% |  1.12e-09 |  (pdsep_grp_th1)
      420 |   0.3463 |  1.607889e+05 |   +0.27% |  3.50e-09 |  (pdsep_grp_th2)
      430 |   0.7020 |  1.614050e+05 |   +0.38% |  9.01e-11 |      
      430 |   0.8816 |  1.614050e+05 |   +0.38% |  1.68e-10 |  (pdsep_grp_copyA)
      430 |   0.9186 |  1.614050e+05 |   +0.38% |  3.08e-10 |  (pdsep_grp_copyB)
      430 |   0.3438 |  1.614050e+05 |   +0.38% |  3.17e-09 |  (pdsep_grp_th0)
      430 |   0.3828 |  1.614050e+05 |   +0.38% |  1.65e-09 |  (pdsep_grp_th1)
      430 |   0.3429 |  1.614050e+05 |   +0.38% |  5.15e-09 |  (pdsep_grp_th2)
      440 |   0.6896 |  1.621078e+05 |   +0.44% |  1.47e-10 |      
      440 |   0.8783 |  1.621078e+05 |   +0.44% |  2.74e-10 |  (pdsep_grp_copyA)
      440 |   0.9126 |  1.621078e+05 |   +0.44% |  4.53e-10 |  (pdsep_grp_copyB)
      440 |   0.3405 |  1.621078e+05 |   +0.44% |  4.68e-09 |  (pdsep_grp_th0)
      440 |   0.3515 |  1.621078e+05 |   +0.44% |  2.43e-09 |  (pdsep_grp_th1)
      440 |   0.3361 |  1.621078e+05 |   +0.44% |  7.59e-09 |  (pdsep_grp_th2)
      450 |   0.6754 |  1.630242e+05 |   +0.57% |  2.39e-10 |      
      450 |   0.8750 |  1.630242e+05 |   +0.57% |  4.46e-10 |  (pdsep_grp_copyA)
      450 |   0.9049 |  1.630242e+05 |   +0.57% |  6.68e-10 |  (pdsep_grp_copyB)
      450 |   0.3369 |  1.630242e+05 |   +0.57% |  6.89e-09 |  (pdsep_grp_th0)
      450 |   0.3100 |  1.630242e+05 |   +0.57% |  3.59e-09 |  (pdsep_grp_th1)
      450 |   0.3180 |  1.630242e+05 |   +0.57% |  1.12e-08 |  (pdsep_grp_th2)
      460 |   0.6601 |  1.640394e+05 |   +0.62% |  3.89e-10 |      
      460 |   0.8641 |  1.640394e+05 |   +0.62% |  7.26e-10 |  (pdsep_grp_copyA)
      460 |   0.8957 |  1.640394e+05 |   +0.62% |  9.84e-10 |  (pdsep_grp_copyB)
      460 |   0.3215 |  1.640394e+05 |   +0.62% |  1.01e-08 |  (pdsep_grp_th0)
      460 |   0.2561 |  1.640394e+05 |   +0.62% |  5.28e-09 |  (pdsep_grp_th1)
      460 |   0.2932 |  1.640394e+05 |   +0.62% |  1.65e-08 |  (pdsep_grp_th2)
      470 |   0.6428 |  1.650349e+05 |   +0.61% |  6.34e-10 |      
      470 |   0.8537 |  1.650349e+05 |   +0.61% |  1.18e-09 |  (pdsep_grp_copyA)
      470 |   0.8814 |  1.650349e+05 |   +0.61% |  1.45e-09 |  (pdsep_grp_copyB)
      470 |   0.2944 |  1.650349e+05 |   +0.61% |  1.49e-08 |  (pdsep_grp_th0)
      470 |   0.2258 |  1.650349e+05 |   +0.61% |  7.78e-09 |  (pdsep_grp_th1)
      470 |   0.2615 |  1.650349e+05 |   +0.61% |  2.42e-08 |  (pdsep_grp_th2)
      480 |   0.6213 |  1.668236e+05 |   +1.08% |  1.03e-09 |      
      480 |   0.8020 |  1.668236e+05 |   +1.08% |  1.93e-09 |  (pdsep_grp_copyA)
      480 |   0.8632 |  1.668236e+05 |   +1.08% |  2.13e-09 |  (pdsep_grp_copyB)
      480 |   0.2831 |  1.668236e+05 |   +1.08% |  2.20e-08 |  (pdsep_grp_th0)
      480 |   0.2032 |  1.668236e+05 |   +1.08% |  1.15e-08 |  (pdsep_grp_th1)
      480 |   0.2419 |  1.668236e+05 |   +1.08% |  3.57e-08 |  (pdsep_grp_th2)
      490 |   0.5951 |  1.688071e+05 |   +1.19% |  1.68e-09 |      
      490 |   0.7084 |  1.688071e+05 |   +1.19% |  3.14e-09 |  (pdsep_grp_copyA)
      490 |   0.8382 |  1.688071e+05 |   +1.19% |  3.14e-09 |  (pdsep_grp_copyB)
      490 |   0.2738 |  1.688071e+05 |   +1.19% |  3.24e-08 |  (pdsep_grp_th0)
      490 |   0.1590 |  1.688071e+05 |   +1.19% |  1.69e-08 |  (pdsep_grp_th1)
      490 |   0.2256 |  1.688071e+05 |   +1.19% |  5.26e-08 |  (pdsep_grp_th2)
      500 |   0.5643 |  1.707617e+05 |   +1.16% |  2.74e-09 |      
      500 |   0.6169 |  1.707617e+05 |   +1.16% |  5.11e-09 |  (pdsep_grp_copyA)
      500 |   0.8114 |  1.707617e+05 |   +1.16% |  4.63e-09 |  (pdsep_grp_copyB)
      500 |   0.2402 |  1.707617e+05 |   +1.16% |  4.78e-08 |  (pdsep_grp_th0)
      500 |   0.1559 |  1.707617e+05 |   +1.16% |  2.49e-08 |  (pdsep_grp_th1)
      500 |   0.2140 |  1.707617e+05 |   +1.16% |  7.75e-08 |  (pdsep_grp_th2)
      510 |   0.5370 |  1.730115e+05 |   +1.32% |  4.46e-09 |      
      510 |   0.5395 |  1.730115e+05 |   +1.32% |  8.32e-09 |  (pdsep_grp_copyA)
      510 |   0.7886 |  1.730115e+05 |   +1.32% |  6.82e-09 |  (pdsep_grp_copyB)
      510 |   0.2086 |  1.730115e+05 |   +1.32% |  7.03e-08 |  (pdsep_grp_th0)
      510 |   0.1623 |  1.730115e+05 |   +1.32% |  3.66e-08 |  (pdsep_grp_th1)
      510 |   0.1612 |  1.730115e+05 |   +1.32% |  1.14e-07 |  (pdsep_grp_th2)
      520 |   0.5206 |  1.757571e+05 |   +1.59% |  7.26e-09 |      
      520 |   0.4829 |  1.757571e+05 |   +1.59% |  1.35e-08 |  (pdsep_grp_copyA)
      520 |   0.7645 |  1.757571e+05 |   +1.59% |  1.00e-08 |  (pdsep_grp_copyB)
      520 |   0.1755 |  1.757571e+05 |   +1.59% |  1.04e-07 |  (pdsep_grp_th0)
      520 |   0.1501 |  1.757571e+05 |   +1.59% |  5.39e-08 |  (pdsep_grp_th1)
      520 |   0.1297 |  1.757571e+05 |   +1.59% |  1.68e-07 |  (pdsep_grp_th2)
      529 |   0.0986 |  1.782426e+05 |          |  2.48e-07 | pdsep_grp_th2
---------------------------------------------------------------
[INFO GPL-1016] Region 'pdsep_grp_th2' placement finished at iteration 529
[INFO GPL-1005] Routability final weighted congestion: 1.9105
[INFO GPL-1002] Placed Cell Area               78.5480
[INFO GPL-1003] Available Free Area           367.8528
[INFO GPL-1004] Minimum Feasible Density        0.2200 (cell_area / free_area)
[INFO GPL-1006]   Suggested Target Densities:
[INFO GPL-1007]     - For 90% usage of free space: 0.2373
[INFO GPL-1008]     - For 80% usage of free space: 0.2669
[INFO GPL-1009]     - For 50% usage of free space: 0.4271
      530 |   0.4911 |  1.785678e+05 |   +1.60% |  1.18e-08 |      
      530 |   0.4180 |  1.785678e+05 |   +1.60% |  2.21e-08 |  (pdsep_grp_copyA)
      530 |   0.7077 |  1.785678e+05 |   +1.60% |  1.48e-08 |  (pdsep_grp_copyB)
      530 |   0.1314 |  1.785678e+05 |   +1.60% |  1.53e-07 |  (pdsep_grp_th0)
      530 |   0.1764 |  1.785678e+05 |   +1.60% |  7.94e-08 |  (pdsep_grp_th1)
      540 |   0.4445 |  1.828352e+05 |   +2.39% |  1.93e-08 |      
      540 |   0.3260 |  1.828352e+05 |   +2.39% |  3.59e-08 |  (pdsep_grp_copyA)
      540 |   0.5328 |  1.828352e+05 |   +2.39% |  2.18e-08 |  (pdsep_grp_copyB)
      540 |   0.1163 |  1.828352e+05 |   +2.39% |  2.25e-07 |  (pdsep_grp_th0)
      540 |   0.1815 |  1.828352e+05 |   +2.39% |  1.17e-07 |  (pdsep_grp_th1)
[INFO GPL-0040] Routability iteration: 2
[INFO GPL-0088] Tiles the placer can act on: 1392 of 2500 (55.68%)
[INFO GPL-0041] Total routing overflow: 30.2071
[INFO GPL-0042] Number of overflowed tiles: 143 (10.27%)
[INFO GPL-0043] Average top 0.5% routing congestion: 1.7319
[INFO GPL-0044] Average top 1.0% routing congestion: 1.6322
[INFO GPL-0045] Average top 2.0% routing congestion: 1.5351
[INFO GPL-0046] Average top 5.0% routing congestion: 1.3684
[INFO GPL-0047] Routability iteration weighted routing congestion: 1.6820
[INFO GPL-0048] Routing congestion (1.6820) lower than previous minimum (2.396). Updating minimum.
[INFO GPL-0099] Routability inflation trimmed to 34.71% of what this iteration asked for; 20.02% of the 30.00% budget still unspent.
[INFO GPL-0086] Inflated area:                2463.326 um^2 (+5.88%)
[INFO GPL-0052] Placement target density:       0.6257
[INFO GPL-0076] Removing fillers, count: Before: 872, After: 599 (-31.31%)
[INFO GPL-0077] Filler area (um^2)     : Before: 7863.202, After: 5401.442 (-31.31%)
[INFO GPL-0078] Removed fillers count: 273, area removed: 2461.759 um^2. Remaining area to be compensated by modifying density: 1.567 um^2
[INFO GPL-0086] Inflated area:                  45.751 um^2 (+0.48%)
[INFO GPL-0052] Placement target density:       0.5700
[INFO GPL-0076] Removing fillers, count: Before: 9, After: 6 (-33.33%)
[INFO GPL-0077] Filler area (um^2)     : Before: 112.673, After: 75.115 (-33.33%)
[INFO GPL-0078] Removed fillers count: 3, area removed: 37.558 um^2. Remaining area to be compensated by modifying density: 8.193 um^2
[INFO GPL-0086] Inflated area:                  64.598 um^2 (+0.68%)
[INFO GPL-0052] Placement target density:       0.5700
[INFO GPL-0076] Removing fillers, count: Before: 6, After: 1 (-83.33%)
[INFO GPL-0077] Filler area (um^2)     : Before: 75.115, After: 12.519 (-83.33%)
[INFO GPL-0078] Removed fillers count: 5, area removed: 62.596 um^2. Remaining area to be compensated by modifying density: 2.002 um^2
[INFO GPL-0086] Inflated area:                   0.000 um^2 (+0.00%)
[INFO GPL-0052] Placement target density:       0.5460
[INFO GPL-0076] Removing fillers, count: Before: 14, After: 14 (+0.00%)
[INFO GPL-0077] Filler area (um^2)     : Before: 119.398, After: 119.398 (+0.00%)
[INFO GPL-0078] Removed fillers count: 0, area removed: 0.000 um^2. Remaining area to be compensated by modifying density: 0.000 um^2
[INFO GPL-0086] Inflated area:                  32.118 um^2 (+35.54%)
[INFO GPL-0052] Placement target density:       0.5460
[INFO GPL-0076] Removing fillers, count: Before: 13, After: 10 (-23.08%)
[INFO GPL-0077] Filler area (um^2)     : Before: 110.869, After: 85.284 (-23.08%)
[INFO GPL-0078] Removed fillers count: 3, area removed: 25.585 um^2. Remaining area to be compensated by modifying density: 6.533 um^2
[INFO GPL-0086] Inflated area:                   0.000 um^2 (+0.00%)
[INFO GPL-0052] Placement target density:       0.5460
[INFO GPL-0076] Removing fillers, count: Before: 14, After: 14 (+0.00%)
[INFO GPL-0077] Filler area (um^2)     : Before: 119.398, After: 119.398 (+0.00%)
[INFO GPL-0078] Removed fillers count: 0, area removed: 0.000 um^2. Remaining area to be compensated by modifying density: 0.000 um^2
[INFO GPL-0058] White space area:            79576.320 um^2 (+0.00%)
[INFO GPL-0059] Movable instances area:      49788.244 um^2 (+0.00%)
[INFO GPL-0060] Total filler area:            5401.442 um^2 (-31.31%)
[INFO GPL-0061] Total non-inflated area:     49787.453 um^2 (+0.00%)
[INFO GPL-0062] Total inflated area:         52250.780 um^2 (+0.00%)
[INFO GPL-0063] New Target Density:             0.6257
[INFO GPL-0058] White space area:            16809.872 um^2 (+0.00%)
[INFO GPL-0059] Movable instances area:       9581.627 um^2 (+0.00%)
[INFO GPL-0060] Total filler area:              75.115 um^2 (-33.33%)
[INFO GPL-0061] Total non-inflated area:      9595.265 um^2 (+0.09%)
[INFO GPL-0062] Total inflated area:          9641.016 um^2 (+0.09%)
[INFO GPL-0063] New Target Density:             0.5700
[INFO GPL-0058] White space area:            16808.621 um^2 (+0.00%)
[INFO GPL-0059] Movable instances area:       9580.914 um^2 (+0.00%)
[INFO GPL-0060] Total filler area:              12.519 um^2 (-83.33%)
[INFO GPL-0061] Total non-inflated area:      9573.232 um^2 (+0.02%)
[INFO GPL-0062] Total inflated area:          9637.829 um^2 (+0.02%)
[INFO GPL-0063] New Target Density:             0.5700
[INFO GPL-0058] White space area:              367.853 um^2 (+0.00%)
[INFO GPL-0059] Movable instances area:        200.848 um^2 (+0.00%)
[INFO GPL-0060] Total filler area:             119.398 um^2 (+0.00%)
[INFO GPL-0061] Total non-inflated area:       197.946 um^2 (+0.00%)
[INFO GPL-0062] Total inflated area:           197.946 um^2 (+0.00%)
[INFO GPL-0063] New Target Density:             0.5460
[INFO GPL-0058] White space area:              367.853 um^2 (+0.00%)
[INFO GPL-0059] Movable instances area:        200.848 um^2 (+0.00%)
[INFO GPL-0060] Total filler area:              85.284 um^2 (-23.08%)
[INFO GPL-0061] Total non-inflated area:       207.776 um^2 (+3.25%)
[INFO GPL-0062] Total inflated area:           239.893 um^2 (+2.80%)
[INFO GPL-0063] New Target Density:             0.5460
[INFO GPL-0058] White space area:              367.853 um^2 (+0.00%)
[INFO GPL-0059] Movable instances area:        200.848 um^2 (+0.00%)
[INFO GPL-0060] Total filler area:             119.398 um^2 (+0.00%)
[INFO GPL-0061] Total non-inflated area:       197.946 um^2 (+0.00%)
[INFO GPL-0062] Total inflated area:           197.946 um^2 (+0.00%)
[INFO GPL-0063] New Target Density:             0.5460
[INFO GPL-0087] Routability end iteration: increase inflation and revert back to snapshot.
Iteration | Overflow |     HPWL (um) |  HPWL(%) |   Penalty | Group
---------------------------------------------------------------
      550 |   0.6990 |  1.635582e+05 |   +0.00% |  8.01e-14 |      
      550 |   0.8971 |  1.635582e+05 |   +0.00% |  1.36e-13 |  (pdsep_grp_copyA)
      550 |   0.9376 |  1.635582e+05 |   +0.00% |  1.16e-12 |  (pdsep_grp_copyB)
      550 |   0.3467 |  1.635582e+05 |   +0.00% |  1.20e-11 |  (pdsep_grp_th0)
      550 |   0.5408 |  1.635582e+05 |   +0.00% |  6.25e-12 |  (pdsep_grp_th1)
      560 |   0.7241 |  1.601617e+05 |   -2.08% |  1.30e-13 |      
      560 |   0.8997 |  1.601617e+05 |   -2.08% |  2.01e-13 |  (pdsep_grp_copyA)
      560 |   0.9372 |  1.601617e+05 |   -2.08% |  1.71e-12 |  (pdsep_grp_copyB)
      560 |   0.3469 |  1.601617e+05 |   -2.08% |  1.77e-11 |  (pdsep_grp_th0)
      560 |   0.5419 |  1.601617e+05 |   -2.08% |  9.20e-12 |  (pdsep_grp_th1)
      570 |   0.7316 |  1.587953e+05 |   -0.85% |  2.13e-13 |      
      570 |   0.8988 |  1.587953e+05 |   -0.85% |  2.96e-13 |  (pdsep_grp_copyA)
      570 |   0.9350 |  1.587953e+05 |   -0.85% |  2.52e-12 |  (pdsep_grp_copyB)
      570 |   0.3522 |  1.587953e+05 |   -0.85% |  2.60e-11 |  (pdsep_grp_th0)
      570 |   0.5503 |  1.587953e+05 |   -0.85% |  1.36e-11 |  (pdsep_grp_th1)
      580 |   0.7333 |  1.585902e+05 |   -0.13% |  3.46e-13 |      
      580 |   0.8948 |  1.585902e+05 |   -0.13% |  4.36e-13 |  (pdsep_grp_copyA)
      580 |   0.9321 |  1.585902e+05 |   -0.13% |  3.72e-12 |  (pdsep_grp_copyB)
      580 |   0.3499 |  1.585902e+05 |   -0.13% |  3.84e-11 |  (pdsep_grp_th0)
      580 |   0.5469 |  1.585902e+05 |   -0.13% |  2.00e-11 |  (pdsep_grp_th1)
      590 |   0.7362 |  1.586477e+05 |   +0.04% |  5.64e-13 |      
      590 |   0.8927 |  1.586477e+05 |   +0.04% |  6.43e-13 |  (pdsep_grp_copyA)
      590 |   0.9307 |  1.586477e+05 |   +0.04% |  5.48e-12 |  (pdsep_grp_copyB)
      590 |   0.3478 |  1.586477e+05 |   +0.04% |  5.65e-11 |  (pdsep_grp_th0)
      590 |   0.5445 |  1.586477e+05 |   +0.04% |  2.94e-11 |  (pdsep_grp_th1)
      600 |   0.7395 |  1.591538e+05 |   +0.32% |  9.18e-13 |      
      600 |   0.8936 |  1.591538e+05 |   +0.32% |  9.47e-13 |  (pdsep_grp_copyA)
      600 |   0.9314 |  1.591538e+05 |   +0.32% |  8.07e-12 |  (pdsep_grp_copyB)
      600 |   0.3481 |  1.591538e+05 |   +0.32% |  8.32e-11 |  (pdsep_grp_th0)
      600 |   0.5452 |  1.591538e+05 |   +0.32% |  4.33e-11 |  (pdsep_grp_th1)
      610 |   0.7374 |  1.594710e+05 |   +0.20% |  1.50e-12 |      
      610 |   0.8947 |  1.594710e+05 |   +0.20% |  1.39e-12 |  (pdsep_grp_copyA)
      610 |   0.9333 |  1.594710e+05 |   +0.20% |  1.19e-11 |  (pdsep_grp_copyB)
      610 |   0.3464 |  1.594710e+05 |   +0.20% |  1.23e-10 |  (pdsep_grp_th0)
      610 |   0.5427 |  1.594710e+05 |   +0.20% |  6.38e-11 |  (pdsep_grp_th1)
      620 |   0.7338 |  1.595327e+05 |   +0.04% |  2.44e-12 |      
      620 |   0.8955 |  1.595327e+05 |   +0.04% |  2.05e-12 |  (pdsep_grp_copyA)
      620 |   0.9358 |  1.595327e+05 |   +0.04% |  1.75e-11 |  (pdsep_grp_copyB)
      620 |   0.3468 |  1.595327e+05 |   +0.04% |  1.81e-10 |  (pdsep_grp_th0)
      620 |   0.5435 |  1.595327e+05 |   +0.04% |  9.40e-11 |  (pdsep_grp_th1)
      630 |   0.7338 |  1.594985e+05 |   -0.02% |  3.97e-12 |      
      630 |   0.8956 |  1.594985e+05 |   -0.02% |  3.03e-12 |  (pdsep_grp_copyA)
      630 |   0.9373 |  1.594985e+05 |   -0.02% |  2.58e-11 |  (pdsep_grp_copyB)
      630 |   0.3481 |  1.594985e+05 |   -0.02% |  2.66e-10 |  (pdsep_grp_th0)
      630 |   0.5454 |  1.594985e+05 |   -0.02% |  1.39e-10 |  (pdsep_grp_th1)
      640 |   0.7338 |  1.593484e+05 |   -0.09% |  6.47e-12 |      
      640 |   0.8952 |  1.593484e+05 |   -0.09% |  4.46e-12 |  (pdsep_grp_copyA)
      640 |   0.9365 |  1.593484e+05 |   -0.09% |  3.80e-11 |  (pdsep_grp_copyB)
      640 |   0.3469 |  1.593484e+05 |   -0.09% |  3.92e-10 |  (pdsep_grp_th0)
      640 |   0.5436 |  1.593484e+05 |   -0.09% |  2.04e-10 |  (pdsep_grp_th1)
      650 |   0.7372 |  1.591317e+05 |   -0.14% |  1.05e-11 |      
      650 |   0.8947 |  1.591317e+05 |   -0.14% |  6.57e-12 |  (pdsep_grp_copyA)
      650 |   0.9347 |  1.591317e+05 |   -0.14% |  5.60e-11 |  (pdsep_grp_copyB)
      650 |   0.3454 |  1.591317e+05 |   -0.14% |  5.77e-10 |  (pdsep_grp_th0)
      650 |   0.5412 |  1.591317e+05 |   -0.14% |  3.01e-10 |  (pdsep_grp_th1)
      660 |   0.7401 |  1.589967e+05 |   -0.08% |  1.72e-11 |      
      660 |   0.8947 |  1.589967e+05 |   -0.08% |  9.68e-12 |  (pdsep_grp_copyA)
      660 |   0.9324 |  1.589967e+05 |   -0.08% |  8.24e-11 |  (pdsep_grp_copyB)
      660 |   0.3443 |  1.589967e+05 |   -0.08% |  8.51e-10 |  (pdsep_grp_th0)
      660 |   0.5395 |  1.589967e+05 |   -0.08% |  4.43e-10 |  (pdsep_grp_th1)
      670 |   0.7401 |  1.590034e+05 |   +0.00% |  2.79e-11 |      
      670 |   0.8944 |  1.590034e+05 |   +0.00% |  1.43e-11 |  (pdsep_grp_copyA)
      670 |   0.9308 |  1.590034e+05 |   +0.00% |  1.21e-10 |  (pdsep_grp_copyB)
      670 |   0.3428 |  1.590034e+05 |   +0.00% |  1.25e-09 |  (pdsep_grp_th0)
      670 |   0.5360 |  1.590034e+05 |   +0.00% |  6.52e-10 |  (pdsep_grp_th1)
      680 |   0.7382 |  1.591263e+05 |   +0.08% |  4.55e-11 |      
      680 |   0.8940 |  1.591263e+05 |   +0.08% |  2.10e-11 |  (pdsep_grp_copyA)
      680 |   0.9282 |  1.591263e+05 |   +0.08% |  1.79e-10 |  (pdsep_grp_copyB)
      680 |   0.3427 |  1.591263e+05 |   +0.08% |  1.85e-09 |  (pdsep_grp_th0)
      680 |   0.5065 |  1.591263e+05 |   +0.08% |  9.61e-10 |  (pdsep_grp_th1)
      690 |   0.7332 |  1.592745e+05 |   +0.09% |  7.41e-11 |      
      690 |   0.8933 |  1.592745e+05 |   +0.09% |  3.09e-11 |  (pdsep_grp_copyA)
      690 |   0.9251 |  1.592745e+05 |   +0.09% |  2.64e-10 |  (pdsep_grp_copyB)
      690 |   0.3424 |  1.592745e+05 |   +0.09% |  2.72e-09 |  (pdsep_grp_th0)
      690 |   0.4578 |  1.592745e+05 |   +0.09% |  1.42e-09 |  (pdsep_grp_th1)
      700 |   0.7257 |  1.593804e+05 |   +0.07% |  1.21e-10 |      
      700 |   0.8925 |  1.593804e+05 |   +0.07% |  4.56e-11 |  (pdsep_grp_copyA)
      700 |   0.9194 |  1.593804e+05 |   +0.07% |  3.88e-10 |  (pdsep_grp_copyB)
      700 |   0.3390 |  1.593804e+05 |   +0.07% |  4.01e-09 |  (pdsep_grp_th0)
      700 |   0.3779 |  1.593804e+05 |   +0.07% |  2.09e-09 |  (pdsep_grp_th1)
      710 |   0.7178 |  1.592947e+05 |   -0.05% |  1.97e-10 |      
      710 |   0.8923 |  1.592947e+05 |   -0.05% |  6.71e-11 |  (pdsep_grp_copyA)
      710 |   0.9142 |  1.592947e+05 |   -0.05% |  5.72e-10 |  (pdsep_grp_copyB)
      710 |   0.3269 |  1.592947e+05 |   -0.05% |  5.90e-09 |  (pdsep_grp_th0)
      710 |   0.3123 |  1.592947e+05 |   -0.05% |  3.07e-09 |  (pdsep_grp_th1)
      720 |   0.7065 |  1.598633e+05 |   +0.36% |  3.20e-10 |      
      720 |   0.8917 |  1.598633e+05 |   +0.36% |  9.89e-11 |  (pdsep_grp_copyA)
      720 |   0.9088 |  1.598633e+05 |   +0.36% |  8.43e-10 |  (pdsep_grp_copyB)
      720 |   0.3087 |  1.598633e+05 |   +0.36% |  8.69e-09 |  (pdsep_grp_th0)
      720 |   0.3053 |  1.598633e+05 |   +0.36% |  4.53e-09 |  (pdsep_grp_th1)
      730 |   0.6884 |  1.612293e+05 |   +0.85% |  5.22e-10 |      
      730 |   0.8880 |  1.612293e+05 |   +0.85% |  1.46e-10 |  (pdsep_grp_copyA)
      730 |   0.8972 |  1.612293e+05 |   +0.85% |  1.24e-09 |  (pdsep_grp_copyB)
      730 |   0.3053 |  1.612293e+05 |   +0.85% |  1.28e-08 |  (pdsep_grp_th0)
      730 |   0.2686 |  1.612293e+05 |   +0.85% |  6.67e-09 |  (pdsep_grp_th1)
      740 |   0.6626 |  1.628105e+05 |   +0.98% |  8.50e-10 |      
      740 |   0.8781 |  1.628105e+05 |   +0.98% |  2.15e-10 |  (pdsep_grp_copyA)
      740 |   0.8823 |  1.628105e+05 |   +0.98% |  1.83e-09 |  (pdsep_grp_copyB)
      740 |   0.2849 |  1.628105e+05 |   +0.98% |  1.89e-08 |  (pdsep_grp_th0)
      740 |   0.2000 |  1.628105e+05 |   +0.98% |  9.82e-09 |  (pdsep_grp_th1)
      750 |   0.6333 |  1.646673e+05 |   +1.14% |  1.38e-09 |      
      750 |   0.8634 |  1.646673e+05 |   +1.14% |  3.16e-10 |  (pdsep_grp_copyA)
      750 |   0.8651 |  1.646673e+05 |   +1.14% |  2.69e-09 |  (pdsep_grp_copyB)
      750 |   0.2488 |  1.646673e+05 |   +1.14% |  2.78e-08 |  (pdsep_grp_th0)
      750 |   0.1757 |  1.646673e+05 |   +1.14% |  1.45e-08 |  (pdsep_grp_th1)
      760 |   0.5884 |  1.681879e+05 |   +2.14% |  2.25e-09 |      
      760 |   0.8437 |  1.681879e+05 |   +2.14% |  4.65e-10 |  (pdsep_grp_copyA)
      760 |   0.8403 |  1.681879e+05 |   +2.14% |  3.97e-09 |  (pdsep_grp_copyB)
      760 |   0.2341 |  1.681879e+05 |   +2.14% |  4.09e-08 |  (pdsep_grp_th0)
      760 |   0.1630 |  1.681879e+05 |   +2.14% |  2.13e-08 |  (pdsep_grp_th1)
      770 |   0.5361 |  1.723071e+05 |   +2.45% |  3.67e-09 |      
      770 |   0.8200 |  1.723071e+05 |   +2.45% |  6.85e-10 |  (pdsep_grp_copyA)
      770 |   0.8124 |  1.723071e+05 |   +2.45% |  5.84e-09 |  (pdsep_grp_copyB)
      770 |   0.2096 |  1.723071e+05 |   +2.45% |  6.02e-08 |  (pdsep_grp_th0)
      770 |   0.1485 |  1.723071e+05 |   +2.45% |  3.14e-08 |  (pdsep_grp_th1)
      780 |   0.4947 |  1.758534e+05 |   +2.06% |  5.97e-09 |      
      780 |   0.7894 |  1.758534e+05 |   +2.06% |  1.01e-09 |  (pdsep_grp_copyA)
      780 |   0.7782 |  1.758534e+05 |   +2.06% |  8.60e-09 |  (pdsep_grp_copyB)
      780 |   0.1758 |  1.758534e+05 |   +2.06% |  8.87e-08 |  (pdsep_grp_th0)
      780 |   0.1464 |  1.758534e+05 |   +2.06% |  4.62e-08 |  (pdsep_grp_th1)
      790 |   0.4612 |  1.785781e+05 |   +1.55% |  9.73e-09 |      
      790 |   0.7735 |  1.785781e+05 |   +1.55% |  1.49e-09 |  (pdsep_grp_copyA)
      790 |   0.7117 |  1.785781e+05 |   +1.55% |  1.27e-08 |  (pdsep_grp_copyB)
      790 |   0.1168 |  1.785781e+05 |   +1.55% |  1.31e-07 |  (pdsep_grp_th0)
      790 |   0.1631 |  1.785781e+05 |   +1.55% |  6.80e-08 |  (pdsep_grp_th1)
      800 |   0.4192 |  1.816891e+05 |   +1.74% |  1.58e-08 |      
      800 |   0.7661 |  1.816891e+05 |   +1.74% |  2.19e-09 |  (pdsep_grp_copyA)
      800 |   0.5627 |  1.816891e+05 |   +1.74% |  1.87e-08 |  (pdsep_grp_copyB)
      800 |   0.1089 |  1.816891e+05 |   +1.74% |  1.92e-07 |  (pdsep_grp_th0)
      800 |   0.1672 |  1.816891e+05 |   +1.74% |  1.00e-07 |  (pdsep_grp_th1)
      802 |   0.0977 |  1.820895e+05 |          |  2.16e-07 | pdsep_grp_th0
---------------------------------------------------------------
[INFO GPL-1016] Region 'pdsep_grp_th0' placement finished at iteration 802
[INFO GPL-1005] Routability final weighted congestion: 1.7718
[INFO GPL-1002] Placed Cell Area               78.5480
[INFO GPL-1003] Available Free Area           367.8528
[INFO GPL-1004] Minimum Feasible Density        0.2200 (cell_area / free_area)
[INFO GPL-1006]   Suggested Target Densities:
[INFO GPL-1007]     - For 90% usage of free space: 0.2373
[INFO GPL-1008]     - For 80% usage of free space: 0.2669
[INFO GPL-1009]     - For 50% usage of free space: 0.4271
      810 |   0.3872 |  1.832323e+05 |   +0.85% |  2.58e-08 |      
      810 |   0.7730 |  1.832323e+05 |   +0.85% |  3.22e-09 |  (pdsep_grp_copyA)
      810 |   0.3616 |  1.832323e+05 |   +0.85% |  2.75e-08 |  (pdsep_grp_copyB)
      810 |   0.1389 |  1.832323e+05 |   +0.85% |  1.48e-07 |  (pdsep_grp_th1)
[INFO GPL-0040] Routability iteration: 3
[INFO GPL-0088] Tiles the placer can act on: 1495 of 2500 (59.80%)
[INFO GPL-0041] Total routing overflow: 21.5764
[INFO GPL-0042] Number of overflowed tiles: 114 (7.63%)
[INFO GPL-0043] Average top 0.5% routing congestion: 1.6146
[INFO GPL-0044] Average top 1.0% routing congestion: 1.5306
[INFO GPL-0045] Average top 2.0% routing congestion: 1.4277
[INFO GPL-0046] Average top 5.0% routing congestion: 1.2666
[INFO GPL-0047] Routability iteration weighted routing congestion: 1.5726
[INFO GPL-0048] Routing congestion (1.5726) lower than previous minimum (1.682). Updating minimum.
[INFO GPL-0099] Routability inflation trimmed to 59.97% of what this iteration asked for; 15.03% of the 30.00% budget still unspent.
[INFO GPL-0086] Inflated area:                2063.467 um^2 (+4.65%)
[INFO GPL-0052] Placement target density:       0.6257
[INFO GPL-0076] Removing fillers, count: Before: 599, After: 371 (-38.06%)
[INFO GPL-0077] Filler area (um^2)     : Before: 5401.442, After: 3345.468 (-38.06%)
[INFO GPL-0078] Removed fillers count: 228, area removed: 2055.975 um^2. Remaining area to be compensated by modifying density: 7.492 um^2
[INFO GPL-0086] Inflated area:                 334.261 um^2 (+3.51%)
[INFO GPL-0052] Placement target density:       0.5700
[INFO GPL-0076] Removing fillers, count: Before: 6, After: 0 (-100.00%)
[INFO GPL-0077] Filler area (um^2)     : Before: 75.115, After: 0.000 (-100.00%)
[INFO GPL-0078] Removed fillers count: 6, area removed: 75.115 um^2. Remaining area to be compensated by modifying density: 259.146 um^2
[INFO GPL-0079] New target density: 0.5862276
[INFO GPL-0086] Inflated area:                 106.534 um^2 (+1.11%)
[INFO GPL-0052] Placement target density:       0.5700
[INFO GPL-0076] Removing fillers, count: Before: 1, After: 0 (-100.00%)
[INFO GPL-0077] Filler area (um^2)     : Before: 12.519, After: 0.000 (-100.00%)
[INFO GPL-0078] Removed fillers count: 1, area removed: 12.519 um^2. Remaining area to be compensated by modifying density: 94.014 um^2
[INFO GPL-0079] New target density: 0.5751362
[INFO GPL-0086] Inflated area:                   0.000 um^2 (+0.00%)
[INFO GPL-0052] Placement target density:       0.5460
[INFO GPL-0076] Removing fillers, count: Before: 14, After: 14 (+0.00%)
[INFO GPL-0077] Filler area (um^2)     : Before: 119.398, After: 119.398 (+0.00%)
[INFO GPL-0078] Removed fillers count: 0, area removed: 0.000 um^2. Remaining area to be compensated by modifying density: 0.000 um^2
[INFO GPL-0086] Inflated area:                 102.888 um^2 (+84.00%)
[INFO GPL-0052] Placement target density:       0.5460
[INFO GPL-0076] Removing fillers, count: Before: 10, After: 0 (-100.00%)
[INFO GPL-0077] Filler area (um^2)     : Before: 85.284, After: 0.000 (-100.00%)
[INFO GPL-0078] Removed fillers count: 10, area removed: 85.284 um^2. Remaining area to be compensated by modifying density: 17.604 um^2
[INFO GPL-0079] New target density: 0.61268884
[INFO GPL-0086] Inflated area:                   0.000 um^2 (+0.00%)
[INFO GPL-0052] Placement target density:       0.5460
[INFO GPL-0076] Removing fillers, count: Before: 14, After: 14 (+0.00%)
[INFO GPL-0077] Filler area (um^2)     : Before: 119.398, After: 119.398 (+0.00%)
[INFO GPL-0078] Removed fillers count: 0, area removed: 0.000 um^2. Remaining area to be compensated by modifying density: 0.000 um^2
[INFO GPL-0058] White space area:            79576.320 um^2 (+0.00%)
[INFO GPL-0059] Movable instances area:      49788.244 um^2 (+0.00%)
[INFO GPL-0060] Total filler area:            3345.468 um^2 (-38.06%)
[INFO GPL-0061] Total non-inflated area:     49794.945 um^2 (+0.02%)
[INFO GPL-0062] Total inflated area:         51858.412 um^2 (+0.01%)
[INFO GPL-0063] New Target Density:             0.6257
[INFO GPL-0058] White space area:            16809.872 um^2 (+0.00%)
[INFO GPL-0059] Movable instances area:       9854.411 um^2 (+2.85%)
[INFO GPL-0060] Total filler area:               0.000 um^2 (-100.00%)
[INFO GPL-0061] Total non-inflated area:      9854.410 um^2 (+2.70%)
[INFO GPL-0062] Total inflated area:         10188.671 um^2 (+2.61%)
[INFO GPL-0063] New Target Density:             0.5862
[INFO GPL-0058] White space area:            16808.621 um^2 (+0.00%)
[INFO GPL-0059] Movable instances area:       9667.246 um^2 (+0.90%)
[INFO GPL-0060] Total filler area:               0.000 um^2 (-100.00%)
[INFO GPL-0061] Total non-inflated area:      9667.246 um^2 (+0.98%)
[INFO GPL-0062] Total inflated area:          9773.779 um^2 (+0.97%)
[INFO GPL-0063] New Target Density:             0.5751
[INFO GPL-0058] White space area:              367.853 um^2 (+0.00%)
[INFO GPL-0059] Movable instances area:        200.848 um^2 (+0.00%)
[INFO GPL-0060] Total filler area:             119.398 um^2 (+0.00%)
[INFO GPL-0061] Total non-inflated area:       197.946 um^2 (+0.00%)
[INFO GPL-0062] Total inflated area:           197.946 um^2 (+0.00%)
[INFO GPL-0063] New Target Density:             0.5460
[INFO GPL-0058] White space area:              367.853 um^2 (+0.00%)
[INFO GPL-0059] Movable instances area:        225.379 um^2 (+12.21%)
[INFO GPL-0060] Total filler area:               0.000 um^2 (-100.00%)
[INFO GPL-0061] Total non-inflated area:       225.379 um^2 (+8.47%)
[INFO GPL-0062] Total inflated area:           328.267 um^2 (+5.67%)
[INFO GPL-0063] New Target Density:             0.6127
[INFO GPL-0058] White space area:              367.853 um^2 (+0.00%)
[INFO GPL-0059] Movable instances area:        200.848 um^2 (+0.00%)
[INFO GPL-0060] Total filler area:             119.398 um^2 (+0.00%)
[INFO GPL-0061] Total non-inflated area:       197.946 um^2 (+0.00%)
[INFO GPL-0062] Total inflated area:           197.946 um^2 (+0.00%)
[INFO GPL-0063] New Target Density:             0.5460
[INFO GPL-0087] Routability end iteration: increase inflation and revert back to snapshot.
Iteration | Overflow |     HPWL (um) |  HPWL(%) |   Penalty | Group
---------------------------------------------------------------
      820 |   0.7081 |  1.691813e+05 |   +0.00% |  5.37e-14 |      
      820 |   0.8962 |  1.691813e+05 |   +0.00% |  1.00e-13 |  (pdsep_grp_copyA)
      820 |   0.9367 |  1.691813e+05 |   +0.00% |  8.53e-13 |  (pdsep_grp_copyB)
      820 |   0.6337 |  1.691813e+05 |   +0.00% |  4.58e-12 |  (pdsep_grp_th1)
      830 |   0.7190 |  1.615723e+05 |   -4.50% |  7.91e-14 |      
      830 |   0.9014 |  1.615723e+05 |   -4.50% |  1.47e-13 |  (pdsep_grp_copyA)
      830 |   0.9384 |  1.615723e+05 |   -4.50% |  1.26e-12 |  (pdsep_grp_copyB)
      830 |   0.6267 |  1.615723e+05 |   -4.50% |  6.75e-12 |  (pdsep_grp_th1)
      840 |   0.7438 |  1.584694e+05 |   -1.92% |  1.16e-13 |      
      840 |   0.9031 |  1.584694e+05 |   -1.92% |  2.17e-13 |  (pdsep_grp_copyA)
      840 |   0.9384 |  1.584694e+05 |   -1.92% |  1.85e-12 |  (pdsep_grp_copyB)
      840 |   0.6272 |  1.584694e+05 |   -1.92% |  9.94e-12 |  (pdsep_grp_th1)
      850 |   0.7512 |  1.568651e+05 |   -1.01% |  1.72e-13 |      
      850 |   0.9042 |  1.568651e+05 |   -1.01% |  3.20e-13 |  (pdsep_grp_copyA)
      850 |   0.9374 |  1.568651e+05 |   -1.01% |  2.73e-12 |  (pdsep_grp_copyB)
      850 |   0.6332 |  1.568651e+05 |   -1.01% |  1.46e-11 |  (pdsep_grp_th1)
      860 |   0.7569 |  1.561807e+05 |   -0.44% |  2.53e-13 |      
      860 |   0.9034 |  1.561807e+05 |   -0.44% |  4.71e-13 |  (pdsep_grp_copyA)
      860 |   0.9362 |  1.561807e+05 |   -0.44% |  4.02e-12 |  (pdsep_grp_copyB)
      860 |   0.6272 |  1.561807e+05 |   -0.44% |  2.16e-11 |  (pdsep_grp_th1)
      870 |   0.7642 |  1.561841e+05 |   +0.00% |  3.72e-13 |      
      870 |   0.9001 |  1.561841e+05 |   +0.00% |  6.95e-13 |  (pdsep_grp_copyA)
      870 |   0.9357 |  1.561841e+05 |   +0.00% |  5.92e-12 |  (pdsep_grp_copyB)
      870 |   0.6272 |  1.561841e+05 |   +0.00% |  3.18e-11 |  (pdsep_grp_th1)
      880 |   0.7688 |  1.566623e+05 |   +0.31% |  5.49e-13 |      
      880 |   0.8986 |  1.566623e+05 |   +0.31% |  1.02e-12 |  (pdsep_grp_copyA)
      880 |   0.9365 |  1.566623e+05 |   +0.31% |  8.72e-12 |  (pdsep_grp_copyB)
      880 |   0.6272 |  1.566623e+05 |   +0.31% |  4.68e-11 |  (pdsep_grp_th1)
      890 |   0.7685 |  1.570608e+05 |   +0.25% |  8.08e-13 |      
      890 |   0.9001 |  1.570608e+05 |   +0.25% |  1.51e-12 |  (pdsep_grp_copyA)
      890 |   0.9384 |  1.570608e+05 |   +0.25% |  1.28e-11 |  (pdsep_grp_copyB)
      890 |   0.6272 |  1.570608e+05 |   +0.25% |  6.90e-11 |  (pdsep_grp_th1)
      900 |   0.7655 |  1.573471e+05 |   +0.18% |  1.19e-12 |      
      900 |   0.9028 |  1.573471e+05 |   +0.18% |  2.22e-12 |  (pdsep_grp_copyA)
      900 |   0.9403 |  1.573471e+05 |   +0.18% |  1.89e-11 |  (pdsep_grp_copyB)
      900 |   0.6227 |  1.573471e+05 |   +0.18% |  1.02e-10 |  (pdsep_grp_th1)
      910 |   0.7649 |  1.573249e+05 |   -0.01% |  1.75e-12 |      
      910 |   0.9060 |  1.573249e+05 |   -0.01% |  3.27e-12 |  (pdsep_grp_copyA)
      910 |   0.9413 |  1.573249e+05 |   -0.01% |  2.79e-11 |  (pdsep_grp_copyB)
      910 |   0.6010 |  1.573249e+05 |   -0.01% |  1.50e-10 |  (pdsep_grp_th1)
      920 |   0.7638 |  1.570022e+05 |   -0.21% |  2.58e-12 |      
      920 |   0.9078 |  1.570022e+05 |   -0.21% |  4.82e-12 |  (pdsep_grp_copyA)
      920 |   0.9412 |  1.570022e+05 |   -0.21% |  4.11e-11 |  (pdsep_grp_copyB)
      920 |   0.5584 |  1.570022e+05 |   -0.21% |  2.20e-10 |  (pdsep_grp_th1)
      930 |   0.7672 |  1.563215e+05 |   -0.43% |  3.81e-12 |      
      930 |   0.9092 |  1.563215e+05 |   -0.43% |  7.10e-12 |  (pdsep_grp_copyA)
      930 |   0.9404 |  1.563215e+05 |   -0.43% |  6.05e-11 |  (pdsep_grp_copyB)
      930 |   0.5219 |  1.563215e+05 |   -0.43% |  3.25e-10 |  (pdsep_grp_th1)
      940 |   0.7707 |  1.557191e+05 |   -0.39% |  5.61e-12 |      
      940 |   0.9099 |  1.557191e+05 |   -0.39% |  1.05e-11 |  (pdsep_grp_copyA)
      940 |   0.9387 |  1.557191e+05 |   -0.39% |  8.91e-11 |  (pdsep_grp_copyB)
      940 |   0.5115 |  1.557191e+05 |   -0.39% |  4.78e-10 |  (pdsep_grp_th1)
      950 |   0.7750 |  1.551975e+05 |   -0.33% |  8.26e-12 |      
      950 |   0.9105 |  1.551975e+05 |   -0.33% |  1.54e-11 |  (pdsep_grp_copyA)
      950 |   0.9368 |  1.551975e+05 |   -0.33% |  1.31e-10 |  (pdsep_grp_copyB)
      950 |   0.4902 |  1.551975e+05 |   -0.33% |  7.05e-10 |  (pdsep_grp_th1)
      960 |   0.7793 |  1.544293e+05 |   -0.49% |  1.22e-11 |      
      960 |   0.9099 |  1.544293e+05 |   -0.49% |  2.27e-11 |  (pdsep_grp_copyA)
      960 |   0.9342 |  1.544293e+05 |   -0.49% |  1.93e-10 |  (pdsep_grp_copyB)
      960 |   0.4083 |  1.544293e+05 |   -0.49% |  1.04e-09 |  (pdsep_grp_th1)
      970 |   0.7842 |  1.535131e+05 |   -0.59% |  1.79e-11 |      
      970 |   0.9099 |  1.535131e+05 |   -0.59% |  3.34e-11 |  (pdsep_grp_copyA)
      970 |   0.9317 |  1.535131e+05 |   -0.59% |  2.85e-10 |  (pdsep_grp_copyB)
      970 |   0.3723 |  1.535131e+05 |   -0.59% |  1.53e-09 |  (pdsep_grp_th1)
      980 |   0.7859 |  1.529848e+05 |   -0.34% |  2.64e-11 |      
      980 |   0.9114 |  1.529848e+05 |   -0.34% |  4.92e-11 |  (pdsep_grp_copyA)
      980 |   0.9288 |  1.529848e+05 |   -0.34% |  4.20e-10 |  (pdsep_grp_copyB)
      980 |   0.3365 |  1.529848e+05 |   -0.34% |  2.25e-09 |  (pdsep_grp_th1)
      990 |   0.7866 |  1.528242e+05 |   -0.11% |  3.89e-11 |      
      990 |   0.9106 |  1.528242e+05 |   -0.11% |  7.25e-11 |  (pdsep_grp_copyA)
      990 |   0.9230 |  1.528242e+05 |   -0.11% |  6.18e-10 |  (pdsep_grp_copyB)
      990 |   0.3048 |  1.528242e+05 |   -0.11% |  3.32e-09 |  (pdsep_grp_th1)
     1000 |   0.7851 |  1.531830e+05 |   +0.23% |  5.73e-11 |      
     1000 |   0.9085 |  1.531830e+05 |   +0.23% |  1.07e-10 |  (pdsep_grp_copyA)
     1000 |   0.9163 |  1.531830e+05 |   +0.23% |  9.11e-10 |  (pdsep_grp_copyB)
     1000 |   0.2978 |  1.531830e+05 |   +0.23% |  4.89e-09 |  (pdsep_grp_th1)
     1010 |   0.7790 |  1.542492e+05 |   +0.70% |  8.44e-11 |      
     1010 |   0.9029 |  1.542492e+05 |   +0.70% |  1.57e-10 |  (pdsep_grp_copyA)
     1010 |   0.9059 |  1.542492e+05 |   +0.70% |  1.34e-09 |  (pdsep_grp_copyB)
     1010 |   0.2843 |  1.542492e+05 |   +0.70% |  7.20e-09 |  (pdsep_grp_th1)
     1020 |   0.7680 |  1.559835e+05 |   +1.12% |  1.24e-10 |      
     1020 |   0.8942 |  1.559835e+05 |   +1.12% |  2.32e-10 |  (pdsep_grp_copyA)
     1020 |   0.8913 |  1.559835e+05 |   +1.12% |  1.98e-09 |  (pdsep_grp_copyB)
     1020 |   0.2909 |  1.559835e+05 |   +1.12% |  1.06e-08 |  (pdsep_grp_th1)
     1030 |   0.7488 |  1.583419e+05 |   +1.51% |  1.83e-10 |      
     1030 |   0.8810 |  1.583419e+05 |   +1.51% |  3.42e-10 |  (pdsep_grp_copyA)
     1030 |   0.8709 |  1.583419e+05 |   +1.51% |  2.91e-09 |  (pdsep_grp_copyB)
     1030 |   0.2901 |  1.583419e+05 |   +1.51% |  1.56e-08 |  (pdsep_grp_th1)
     1040 |   0.7246 |  1.610883e+05 |   +1.73% |  2.70e-10 |      
     1040 |   0.8644 |  1.610883e+05 |   +1.73% |  5.03e-10 |  (pdsep_grp_copyA)
     1040 |   0.8491 |  1.610883e+05 |   +1.73% |  4.29e-09 |  (pdsep_grp_copyB)
     1040 |   0.2859 |  1.610883e+05 |   +1.73% |  2.30e-08 |  (pdsep_grp_th1)
     1050 |   0.6992 |  1.642036e+05 |   +1.93% |  3.97e-10 |      
     1050 |   0.8414 |  1.642036e+05 |   +1.93% |  7.41e-10 |  (pdsep_grp_copyA)
     1050 |   0.8072 |  1.642036e+05 |   +1.93% |  6.31e-09 |  (pdsep_grp_copyB)
     1050 |   0.2722 |  1.642036e+05 |   +1.93% |  3.39e-08 |  (pdsep_grp_th1)
     1060 |   0.6749 |  1.670946e+05 |   +1.76% |  5.85e-10 |      
     1060 |   0.8023 |  1.670946e+05 |   +1.76% |  1.09e-09 |  (pdsep_grp_copyA)
     1060 |   0.7224 |  1.670946e+05 |   +1.76% |  9.29e-09 |  (pdsep_grp_copyB)
     1060 |   0.2568 |  1.670946e+05 |   +1.76% |  4.99e-08 |  (pdsep_grp_th1)
     1070 |   0.6579 |  1.688525e+05 |   +1.05% |  8.61e-10 |      
     1070 |   0.7548 |  1.688525e+05 |   +1.05% |  1.61e-09 |  (pdsep_grp_copyA)
     1070 |   0.6142 |  1.688525e+05 |   +1.05% |  1.37e-08 |  (pdsep_grp_copyB)
     1070 |   0.2357 |  1.688525e+05 |   +1.05% |  7.35e-08 |  (pdsep_grp_th1)
     1080 |   0.6591 |  1.697611e+05 |   +0.54% |  1.27e-09 |      
     1080 |   0.7187 |  1.697611e+05 |   +0.54% |  2.37e-09 |  (pdsep_grp_copyA)
     1080 |   0.4690 |  1.697611e+05 |   +0.54% |  2.02e-08 |  (pdsep_grp_copyB)
     1080 |   0.2206 |  1.697611e+05 |   +0.54% |  1.08e-07 |  (pdsep_grp_th1)
     1090 |   0.6657 |  1.714176e+05 |   +0.98% |  1.87e-09 |      
     1090 |   0.7003 |  1.714176e+05 |   +0.98% |  3.49e-09 |  (pdsep_grp_copyA)
     1090 |   0.3593 |  1.714176e+05 |   +0.98% |  2.97e-08 |  (pdsep_grp_copyB)
     1090 |   0.1942 |  1.714176e+05 |   +0.98% |  1.60e-07 |  (pdsep_grp_th1)
     1100 |   0.6627 |  1.729304e+05 |   +0.88% |  2.75e-09 |      
     1100 |   0.6716 |  1.729304e+05 |   +0.88% |  5.14e-09 |  (pdsep_grp_copyA)
     1100 |   0.2922 |  1.729304e+05 |   +0.88% |  4.38e-08 |  (pdsep_grp_copyB)
     1100 |   0.1646 |  1.729304e+05 |   +0.88% |  2.35e-07 |  (pdsep_grp_th1)
     1110 |   0.6486 |  1.749338e+05 |   +1.16% |  4.05e-09 |      
     1110 |   0.6135 |  1.749338e+05 |   +1.16% |  7.56e-09 |  (pdsep_grp_copyA)
     1110 |   0.2719 |  1.749338e+05 |   +1.16% |  6.44e-08 |  (pdsep_grp_copyB)
     1110 |   0.1333 |  1.749338e+05 |   +1.16% |  3.46e-07 |  (pdsep_grp_th1)
[INFO GPL-0040] Routability iteration: 4
[INFO GPL-0088] Tiles the placer can act on: 1144 of 2500 (45.76%)
[INFO GPL-0041] Total routing overflow: 50.4384
[INFO GPL-0042] Number of overflowed tiles: 169 (14.77%)
[INFO GPL-0043] Average top 0.5% routing congestion: 2.0784
[INFO GPL-0044] Average top 1.0% routing congestion: 1.9385
[INFO GPL-0045] Average top 2.0% routing congestion: 1.8088
[INFO GPL-0046] Average top 5.0% routing congestion: 1.5892
[INFO GPL-0047] Routability iteration weighted routing congestion: 2.0084
[INFO GPL-0049] Routing congestion (2.0084) higher than minimum (1.5726). Consecutive non-improvement count: 1.
[INFO GPL-0099] Routability inflation trimmed to 10.35% of what this iteration asked for; 10.03% of the 30.00% budget still unspent.
[INFO GPL-0086] Inflated area:                2479.130 um^2 (+5.34%)
[INFO GPL-0052] Placement target density:       0.6257
[INFO GPL-0076] Removing fillers, count: Before: 371, After: 97 (-73.85%)
[INFO GPL-0077] Filler area (um^2)     : Before: 3345.468, After: 874.691 (-73.85%)
[INFO GPL-0078] Removed fillers count: 274, area removed: 2470.777 um^2. Remaining area to be compensated by modifying density: 8.354 um^2
[INFO GPL-0086] Inflated area:                  52.343 um^2 (+0.53%)
[INFO GPL-0052] Placement target density:       0.5862
[INFO GPL-0076] Removing fillers, count: Before: 0, After: 0 (+0.00%)
[INFO GPL-0077] Filler area (um^2)     : Before: 0.000, After: 0.000 (+0.00%)
[INFO GPL-0078] Removed fillers count: 0, area removed: 0.000 um^2. Remaining area to be compensated by modifying density: 52.343 um^2
[INFO GPL-0079] New target density: 0.5893414
[INFO GPL-0086] Inflated area:                  69.344 um^2 (+0.72%)
[INFO GPL-0052] Placement target density:       0.5751
[INFO GPL-0076] Removing fillers, count: Before: 0, After: 0 (+0.00%)
[INFO GPL-0077] Filler area (um^2)     : Before: 0.000, After: 0.000 (+0.00%)
[INFO GPL-0078] Removed fillers count: 0, area removed: 0.000 um^2. Remaining area to be compensated by modifying density: 69.344 um^2
[INFO GPL-0079] New target density: 0.5792617
[INFO GPL-0086] Inflated area:                   0.000 um^2 (+0.00%)
[INFO GPL-0052] Placement target density:       0.5460
[INFO GPL-0076] Removing fillers, count: Before: 14, After: 14 (+0.00%)
[INFO GPL-0077] Filler area (um^2)     : Before: 119.398, After: 119.398 (+0.00%)
[INFO GPL-0078] Removed fillers count: 0, area removed: 0.000 um^2. Remaining area to be compensated by modifying density: 0.000 um^2
[INFO GPL-0086] Inflated area:                   0.104 um^2 (+0.05%)
[INFO GPL-0052] Placement target density:       0.6127
[INFO GPL-0076] Removing fillers, count: Before: 0, After: 0 (+0.00%)
[INFO GPL-0077] Filler area (um^2)     : Before: 0.000, After: 0.000 (+0.00%)
[INFO GPL-0078] Removed fillers count: 0, area removed: 0.000 um^2. Remaining area to be compensated by modifying density: 0.104 um^2
[INFO GPL-0086] Inflated area:                   0.000 um^2 (+0.00%)
[INFO GPL-0052] Placement target density:       0.5460
[INFO GPL-0076] Removing fillers, count: Before: 14, After: 14 (+0.00%)
[INFO GPL-0077] Filler area (um^2)     : Before: 119.398, After: 119.398 (+0.00%)
[INFO GPL-0078] Removed fillers count: 0, area removed: 0.000 um^2. Remaining area to be compensated by modifying density: 0.000 um^2
[INFO GPL-0058] White space area:            79576.320 um^2 (+0.00%)
[INFO GPL-0059] Movable instances area:      49788.244 um^2 (+0.00%)
[INFO GPL-0060] Total filler area:             874.691 um^2 (-73.85%)
[INFO GPL-0061] Total non-inflated area:     49803.299 um^2 (+0.02%)
[INFO GPL-0062] Total inflated area:         52282.429 um^2 (+0.02%)
[INFO GPL-0063] New Target Density:             0.6257
[INFO GPL-0058] White space area:            16809.872 um^2 (+0.00%)
[INFO GPL-0059] Movable instances area:       9906.754 um^2 (+0.53%)
[INFO GPL-0060] Total filler area:               0.000 um^2 (+0.00%)
[INFO GPL-0061] Total non-inflated area:      9906.754 um^2 (+0.53%)
[INFO GPL-0062] Total inflated area:          9959.097 um^2 (+0.53%)
[INFO GPL-0063] New Target Density:             0.5893
[INFO GPL-0058] White space area:            16808.621 um^2 (+0.00%)
[INFO GPL-0059] Movable instances area:       9736.590 um^2 (+0.72%)
[INFO GPL-0060] Total filler area:               0.000 um^2 (+0.00%)
[INFO GPL-0061] Total non-inflated area:      9736.590 um^2 (+0.72%)
[INFO GPL-0062] Total inflated area:          9805.934 um^2 (+0.71%)
[INFO GPL-0063] New Target Density:             0.5793
[INFO GPL-0058] White space area:              367.853 um^2 (+0.00%)
[INFO GPL-0059] Movable instances area:        200.848 um^2 (+0.00%)
[INFO GPL-0060] Total filler area:             119.398 um^2 (+0.00%)
[INFO GPL-0061] Total non-inflated area:       197.946 um^2 (+0.00%)
[INFO GPL-0062] Total inflated area:           197.946 um^2 (+0.00%)
[INFO GPL-0063] New Target Density:             0.5460
[INFO GPL-0058] White space area:              367.853 um^2 (+0.00%)
[INFO GPL-0059] Movable instances area:        225.379 um^2 (+0.00%)
[INFO GPL-0060] Total filler area:               0.000 um^2 (+0.00%)
[INFO GPL-0061] Total non-inflated area:       225.484 um^2 (+0.05%)
[INFO GPL-0062] Total inflated area:           225.588 um^2 (+0.05%)
[INFO GPL-0063] New Target Density:             0.6127
[INFO GPL-0058] White space area:              367.853 um^2 (+0.00%)
[INFO GPL-0059] Movable instances area:        200.848 um^2 (+0.00%)
[INFO GPL-0060] Total filler area:             119.398 um^2 (+0.00%)
[INFO GPL-0061] Total non-inflated area:       197.946 um^2 (+0.00%)
[INFO GPL-0062] Total inflated area:           197.946 um^2 (+0.00%)
[INFO GPL-0063] New Target Density:             0.5460
[INFO GPL-0087] Routability end iteration: increase inflation and revert back to snapshot.
Iteration | Overflow |     HPWL (um) |  HPWL(%) |   Penalty | Group
---------------------------------------------------------------
     1120 |   0.7236 |  1.645453e+05 |   +0.00% |  6.51e-14 |      
     1120 |   0.8985 |  1.645453e+05 |   +0.00% |  1.22e-13 |  (pdsep_grp_copyA)
     1120 |   0.9375 |  1.645453e+05 |   +0.00% |  1.04e-12 |  (pdsep_grp_copyB)
     1120 |   0.6298 |  1.645453e+05 |   +0.00% |  5.56e-12 |  (pdsep_grp_th1)
     1130 |   0.7443 |  1.599761e+05 |   -2.78% |  9.60e-14 |      
     1130 |   0.9025 |  1.599761e+05 |   -2.78% |  1.79e-13 |  (pdsep_grp_copyA)
     1130 |   0.9385 |  1.599761e+05 |   -2.78% |  1.53e-12 |  (pdsep_grp_copyB)
     1130 |   0.6274 |  1.599761e+05 |   -2.78% |  8.19e-12 |  (pdsep_grp_th1)
     1140 |   0.7599 |  1.576343e+05 |   -1.46% |  1.41e-13 |      
     1140 |   0.9034 |  1.576343e+05 |   -1.46% |  2.64e-13 |  (pdsep_grp_copyA)
     1140 |   0.9379 |  1.576343e+05 |   -1.46% |  2.25e-12 |  (pdsep_grp_copyB)
     1140 |   0.6340 |  1.576343e+05 |   -1.46% |  1.21e-11 |  (pdsep_grp_th1)
     1150 |   0.7635 |  1.566394e+05 |   -0.63% |  2.08e-13 |      
     1150 |   0.9035 |  1.566394e+05 |   -0.63% |  3.88e-13 |  (pdsep_grp_copyA)
     1150 |   0.9365 |  1.566394e+05 |   -0.63% |  3.31e-12 |  (pdsep_grp_copyB)
     1150 |   0.6285 |  1.566394e+05 |   -0.63% |  1.78e-11 |  (pdsep_grp_th1)
     1160 |   0.7710 |  1.562741e+05 |   -0.23% |  3.07e-13 |      
     1160 |   0.9008 |  1.562741e+05 |   -0.23% |  5.72e-13 |  (pdsep_grp_copyA)
     1160 |   0.9355 |  1.562741e+05 |   -0.23% |  4.88e-12 |  (pdsep_grp_copyB)
     1160 |   0.6274 |  1.562741e+05 |   -0.23% |  2.62e-11 |  (pdsep_grp_th1)
     1170 |   0.7759 |  1.566067e+05 |   +0.21% |  4.52e-13 |      
     1170 |   0.8985 |  1.566067e+05 |   +0.21% |  8.43e-13 |  (pdsep_grp_copyA)
     1170 |   0.9356 |  1.566067e+05 |   +0.21% |  7.18e-12 |  (pdsep_grp_copyB)
     1170 |   0.6274 |  1.566067e+05 |   +0.21% |  3.86e-11 |  (pdsep_grp_th1)
     1180 |   0.7781 |  1.570767e+05 |   +0.30% |  6.66e-13 |      
     1180 |   0.8983 |  1.570767e+05 |   +0.30% |  1.24e-12 |  (pdsep_grp_copyA)
     1180 |   0.9369 |  1.570767e+05 |   +0.30% |  1.06e-11 |  (pdsep_grp_copyB)
     1180 |   0.6274 |  1.570767e+05 |   +0.30% |  5.68e-11 |  (pdsep_grp_th1)
     1190 |   0.7761 |  1.574104e+05 |   +0.21% |  9.81e-13 |      
     1190 |   0.9010 |  1.574104e+05 |   +0.21% |  1.83e-12 |  (pdsep_grp_copyA)
     1190 |   0.9392 |  1.574104e+05 |   +0.21% |  1.56e-11 |  (pdsep_grp_copyB)
     1190 |   0.6274 |  1.574104e+05 |   +0.21% |  8.37e-11 |  (pdsep_grp_th1)
     1200 |   0.7746 |  1.575439e+05 |   +0.08% |  1.44e-12 |      
     1200 |   0.9035 |  1.575439e+05 |   +0.08% |  2.69e-12 |  (pdsep_grp_copyA)
     1200 |   0.9407 |  1.575439e+05 |   +0.08% |  2.30e-11 |  (pdsep_grp_copyB)
     1200 |   0.6121 |  1.575439e+05 |   +0.08% |  1.23e-10 |  (pdsep_grp_th1)
     1210 |   0.7730 |  1.573550e+05 |   -0.12% |  2.13e-12 |      
     1210 |   0.9062 |  1.573550e+05 |   -0.12% |  3.97e-12 |  (pdsep_grp_copyA)
     1210 |   0.9412 |  1.573550e+05 |   -0.12% |  3.38e-11 |  (pdsep_grp_copyB)
     1210 |   0.5862 |  1.573550e+05 |   -0.12% |  1.82e-10 |  (pdsep_grp_th1)
     1220 |   0.7747 |  1.568240e+05 |   -0.34% |  3.14e-12 |      
     1220 |   0.9080 |  1.568240e+05 |   -0.34% |  5.85e-12 |  (pdsep_grp_copyA)
     1220 |   0.9406 |  1.568240e+05 |   -0.34% |  4.98e-11 |  (pdsep_grp_copyB)
     1220 |   0.5295 |  1.568240e+05 |   -0.34% |  2.68e-10 |  (pdsep_grp_th1)
     1230 |   0.7781 |  1.561538e+05 |   -0.43% |  4.62e-12 |      
     1230 |   0.9093 |  1.561538e+05 |   -0.43% |  8.62e-12 |  (pdsep_grp_copyA)
     1230 |   0.9394 |  1.561538e+05 |   -0.43% |  7.34e-11 |  (pdsep_grp_copyB)
     1230 |   0.5157 |  1.561538e+05 |   -0.43% |  3.94e-10 |  (pdsep_grp_th1)
     1240 |   0.7828 |  1.555954e+05 |   -0.36% |  6.80e-12 |      
     1240 |   0.9098 |  1.555954e+05 |   -0.36% |  1.27e-11 |  (pdsep_grp_copyA)
     1240 |   0.9374 |  1.555954e+05 |   -0.36% |  1.08e-10 |  (pdsep_grp_copyB)
     1240 |   0.5026 |  1.555954e+05 |   -0.36% |  5.81e-10 |  (pdsep_grp_th1)
     1250 |   0.7860 |  1.550450e+05 |   -0.35% |  1.00e-11 |      
     1250 |   0.9098 |  1.550450e+05 |   -0.35% |  1.87e-11 |  (pdsep_grp_copyA)
     1250 |   0.9354 |  1.550450e+05 |   -0.35% |  1.59e-10 |  (pdsep_grp_copyB)
     1250 |   0.4441 |  1.550450e+05 |   -0.35% |  8.56e-10 |  (pdsep_grp_th1)
     1260 |   0.7908 |  1.540659e+05 |   -0.63% |  1.48e-11 |      
     1260 |   0.9096 |  1.540659e+05 |   -0.63% |  2.75e-11 |  (pdsep_grp_copyA)
     1260 |   0.9329 |  1.540659e+05 |   -0.63% |  2.35e-10 |  (pdsep_grp_copyB)
     1260 |   0.3900 |  1.540659e+05 |   -0.63% |  1.26e-09 |  (pdsep_grp_th1)
     1270 |   0.7941 |  1.533599e+05 |   -0.46% |  2.18e-11 |      
     1270 |   0.9103 |  1.533599e+05 |   -0.46% |  4.06e-11 |  (pdsep_grp_copyA)
     1270 |   0.9305 |  1.533599e+05 |   -0.46% |  3.46e-10 |  (pdsep_grp_copyB)
     1270 |   0.3517 |  1.533599e+05 |   -0.46% |  1.86e-09 |  (pdsep_grp_th1)
     1280 |   0.7942 |  1.530466e+05 |   -0.20% |  3.20e-11 |      
     1280 |   0.9109 |  1.530466e+05 |   -0.20% |  5.98e-11 |  (pdsep_grp_copyA)
     1280 |   0.9263 |  1.530466e+05 |   -0.20% |  5.09e-10 |  (pdsep_grp_copyB)
     1280 |   0.3167 |  1.530466e+05 |   -0.20% |  2.74e-09 |  (pdsep_grp_th1)
     1290 |   0.7941 |  1.531159e+05 |   +0.05% |  4.72e-11 |      
     1290 |   0.9094 |  1.531159e+05 |   +0.05% |  8.81e-11 |  (pdsep_grp_copyA)
     1290 |   0.9198 |  1.531159e+05 |   +0.05% |  7.50e-10 |  (pdsep_grp_copyB)
     1290 |   0.3005 |  1.531159e+05 |   +0.05% |  4.03e-09 |  (pdsep_grp_th1)
     1300 |   0.7905 |  1.538861e+05 |   +0.50% |  6.95e-11 |      
     1300 |   0.9055 |  1.538861e+05 |   +0.50% |  1.30e-10 |  (pdsep_grp_copyA)
     1300 |   0.9111 |  1.538861e+05 |   +0.50% |  1.11e-09 |  (pdsep_grp_copyB)
     1300 |   0.2880 |  1.538861e+05 |   +0.50% |  5.94e-09 |  (pdsep_grp_th1)
     1310 |   0.7814 |  1.552917e+05 |   +0.91% |  1.02e-10 |      
     1310 |   0.8967 |  1.552917e+05 |   +0.91% |  1.91e-10 |  (pdsep_grp_copyA)
     1310 |   0.8987 |  1.552917e+05 |   +0.91% |  1.63e-09 |  (pdsep_grp_copyB)
     1310 |   0.2849 |  1.552917e+05 |   +0.91% |  8.74e-09 |  (pdsep_grp_th1)
     1320 |   0.7670 |  1.574199e+05 |   +1.37% |  1.51e-10 |      
     1320 |   0.8878 |  1.574199e+05 |   +1.37% |  2.81e-10 |  (pdsep_grp_copyA)
     1320 |   0.8815 |  1.574199e+05 |   +1.37% |  2.40e-09 |  (pdsep_grp_copyB)
     1320 |   0.2911 |  1.574199e+05 |   +1.37% |  1.29e-08 |  (pdsep_grp_th1)
     1330 |   0.7446 |  1.600219e+05 |   +1.65% |  2.22e-10 |      
     1330 |   0.8733 |  1.600219e+05 |   +1.65% |  4.14e-10 |  (pdsep_grp_copyA)
     1330 |   0.8606 |  1.600219e+05 |   +1.65% |  3.53e-09 |  (pdsep_grp_copyB)
     1330 |   0.2877 |  1.600219e+05 |   +1.65% |  1.90e-08 |  (pdsep_grp_th1)
     1340 |   0.7202 |  1.630896e+05 |   +1.92% |  3.27e-10 |      
     1340 |   0.8523 |  1.630896e+05 |   +1.92% |  6.10e-10 |  (pdsep_grp_copyA)
     1340 |   0.8268 |  1.630896e+05 |   +1.92% |  5.20e-09 |  (pdsep_grp_copyB)
     1340 |   0.2794 |  1.630896e+05 |   +1.92% |  2.79e-08 |  (pdsep_grp_th1)
     1350 |   0.6934 |  1.662781e+05 |   +1.96% |  4.82e-10 |      
     1350 |   0.8243 |  1.662781e+05 |   +1.96% |  8.99e-10 |  (pdsep_grp_copyA)
     1350 |   0.7622 |  1.662781e+05 |   +1.96% |  7.66e-09 |  (pdsep_grp_copyB)
     1350 |   0.2650 |  1.662781e+05 |   +1.96% |  4.11e-08 |  (pdsep_grp_th1)
     1360 |   0.6739 |  1.686746e+05 |   +1.44% |  7.10e-10 |      
     1360 |   0.7734 |  1.686746e+05 |   +1.44% |  1.32e-09 |  (pdsep_grp_copyA)
     1360 |   0.6649 |  1.686746e+05 |   +1.44% |  1.13e-08 |  (pdsep_grp_copyB)
     1360 |   0.2473 |  1.686746e+05 |   +1.44% |  6.06e-08 |  (pdsep_grp_th1)
     1370 |   0.6649 |  1.700423e+05 |   +0.81% |  1.05e-09 |      
     1370 |   0.7314 |  1.700423e+05 |   +0.81% |  1.95e-09 |  (pdsep_grp_copyA)
     1370 |   0.5430 |  1.700423e+05 |   +0.81% |  1.66e-08 |  (pdsep_grp_copyB)
     1370 |   0.2289 |  1.700423e+05 |   +0.81% |  8.92e-08 |  (pdsep_grp_th1)
     1380 |   0.6717 |  1.713787e+05 |   +0.79% |  1.54e-09 |      
     1380 |   0.7056 |  1.713787e+05 |   +0.79% |  2.87e-09 |  (pdsep_grp_copyA)
     1380 |   0.4262 |  1.713787e+05 |   +0.79% |  2.45e-08 |  (pdsep_grp_copyB)
     1380 |   0.2068 |  1.713787e+05 |   +0.79% |  1.31e-07 |  (pdsep_grp_th1)
     1390 |   0.6701 |  1.731075e+05 |   +1.01% |  2.27e-09 |      
     1390 |   0.6887 |  1.731075e+05 |   +1.01% |  4.23e-09 |  (pdsep_grp_copyA)
     1390 |   0.3367 |  1.731075e+05 |   +1.01% |  3.60e-08 |  (pdsep_grp_copyB)
     1390 |   0.1808 |  1.731075e+05 |   +1.01% |  1.94e-07 |  (pdsep_grp_th1)
     1400 |   0.6627 |  1.748130e+05 |   +0.99% |  3.34e-09 |      
     1400 |   0.6490 |  1.748130e+05 |   +0.99% |  6.23e-09 |  (pdsep_grp_copyA)
     1400 |   0.2799 |  1.748130e+05 |   +0.99% |  5.31e-08 |  (pdsep_grp_copyB)
     1400 |   0.1492 |  1.748130e+05 |   +0.99% |  2.85e-07 |  (pdsep_grp_th1)
[INFO GPL-0040] Routability iteration: 5
[INFO GPL-0088] Tiles the placer can act on: 1176 of 2500 (47.04%)
[INFO GPL-0041] Total routing overflow: 42.6131
[INFO GPL-0042] Number of overflowed tiles: 158 (13.44%)
[INFO GPL-0043] Average top 0.5% routing congestion: 2.0055
[INFO GPL-0044] Average top 1.0% routing congestion: 1.8971
[INFO GPL-0045] Average top 2.0% routing congestion: 1.7547
[INFO GPL-0046] Average top 5.0% routing congestion: 1.5291
[INFO GPL-0047] Routability iteration weighted routing congestion: 1.9513
[INFO GPL-0049] Routing congestion (1.9513) higher than minimum (1.5726). Consecutive non-improvement count: 2.
[INFO GPL-0099] Routability inflation trimmed to 11.60% of what this iteration asked for; 5.05% of the 30.00% budget still unspent.
[INFO GPL-0086] Inflated area:                2499.262 um^2 (+5.11%)
[INFO GPL-0052] Placement target density:       0.6257
[INFO GPL-0076] Removing fillers, count: Before: 97, After: 0 (-100.00%)
[INFO GPL-0077] Filler area (um^2)     : Before: 874.691, After: 0.000 (-100.00%)
[INFO GPL-0078] Removed fillers count: 97, area removed: 874.691 um^2. Remaining area to be compensated by modifying density: 1624.571 um^2
[INFO GPL-0079] New target density: 0.64627105
[INFO GPL-0086] Inflated area:                  56.597 um^2 (+0.57%)
[INFO GPL-0052] Placement target density:       0.5893
[INFO GPL-0076] Removing fillers, count: Before: 0, After: 0 (+0.00%)
[INFO GPL-0077] Filler area (um^2)     : Before: 0.000, After: 0.000 (+0.00%)
[INFO GPL-0078] Removed fillers count: 0, area removed: 0.000 um^2. Remaining area to be compensated by modifying density: 56.597 um^2
[INFO GPL-0079] New target density: 0.5927083
[INFO GPL-0086] Inflated area:                  46.576 um^2 (+0.48%)
[INFO GPL-0052] Placement target density:       0.5793
[INFO GPL-0076] Removing fillers, count: Before: 0, After: 0 (+0.00%)
[INFO GPL-0077] Filler area (um^2)     : Before: 0.000, After: 0.000 (+0.00%)
[INFO GPL-0078] Removed fillers count: 0, area removed: 0.000 um^2. Remaining area to be compensated by modifying density: 46.576 um^2
[INFO GPL-0079] New target density: 0.5820326
[INFO GPL-0086] Inflated area:                   0.000 um^2 (+0.00%)
[INFO GPL-0052] Placement target density:       0.5460
[INFO GPL-0076] Removing fillers, count: Before: 14, After: 14 (+0.00%)
[INFO GPL-0077] Filler area (um^2)     : Before: 119.398, After: 119.398 (+0.00%)
[INFO GPL-0078] Removed fillers count: 0, area removed: 0.000 um^2. Remaining area to be compensated by modifying density: 0.000 um^2
[INFO GPL-0086] Inflated area:                   0.000 um^2 (+0.00%)
[INFO GPL-0052] Placement target density:       0.6127
[INFO GPL-0076] Removing fillers, count: Before: 0, After: 0 (+0.00%)
[INFO GPL-0077] Filler area (um^2)     : Before: 0.000, After: 0.000 (+0.00%)
[INFO GPL-0078] Removed fillers count: 0, area removed: 0.000 um^2. Remaining area to be compensated by modifying density: 0.000 um^2
[INFO GPL-0086] Inflated area:                   0.000 um^2 (+0.00%)
[INFO GPL-0052] Placement target density:       0.5460
[INFO GPL-0076] Removing fillers, count: Before: 14, After: 14 (+0.00%)
[INFO GPL-0077] Filler area (um^2)     : Before: 119.398, After: 119.398 (+0.00%)
[INFO GPL-0078] Removed fillers count: 0, area removed: 0.000 um^2. Remaining area to be compensated by modifying density: 0.000 um^2
[INFO GPL-0058] White space area:            79576.320 um^2 (+0.00%)
[INFO GPL-0059] Movable instances area:      51427.869 um^2 (+3.29%)
[INFO GPL-0060] Total filler area:               0.000 um^2 (-100.00%)
[INFO GPL-0061] Total non-inflated area:     51427.870 um^2 (+3.26%)
[INFO GPL-0062] Total inflated area:         53927.132 um^2 (+3.11%)
[INFO GPL-0063] New Target Density:             0.6463
[INFO GPL-0058] White space area:            16809.872 um^2 (+0.00%)
[INFO GPL-0059] Movable instances area:       9963.351 um^2 (+0.57%)
[INFO GPL-0060] Total filler area:               0.000 um^2 (+0.00%)
[INFO GPL-0061] Total non-inflated area:      9963.351 um^2 (+0.57%)
[INFO GPL-0062] Total inflated area:         10019.947 um^2 (+0.57%)
[INFO GPL-0063] New Target Density:             0.5927
[INFO GPL-0058] White space area:            16808.621 um^2 (+0.00%)
[INFO GPL-0059] Movable instances area:       9783.166 um^2 (+0.48%)
[INFO GPL-0060] Total filler area:               0.000 um^2 (+0.00%)
[INFO GPL-0061] Total non-inflated area:      9783.166 um^2 (+0.48%)
[INFO GPL-0062] Total inflated area:          9829.742 um^2 (+0.48%)
[INFO GPL-0063] New Target Density:             0.5820
[INFO GPL-0058] White space area:              367.853 um^2 (+0.00%)
[INFO GPL-0059] Movable instances area:        200.848 um^2 (+0.00%)
[INFO GPL-0060] Total filler area:             119.398 um^2 (+0.00%)
[INFO GPL-0061] Total non-inflated area:       197.946 um^2 (+0.00%)
[INFO GPL-0062] Total inflated area:           197.946 um^2 (+0.00%)
[INFO GPL-0063] New Target Density:             0.5460
[INFO GPL-0058] White space area:              367.853 um^2 (+0.00%)
[INFO GPL-0059] Movable instances area:        225.379 um^2 (+0.00%)
[INFO GPL-0060] Total filler area:               0.000 um^2 (+0.00%)
[INFO GPL-0061] Total non-inflated area:       225.484 um^2 (+0.00%)
[INFO GPL-0062] Total inflated area:           225.484 um^2 (+0.00%)
[INFO GPL-0063] New Target Density:             0.6127
[INFO GPL-0058] White space area:              367.853 um^2 (+0.00%)
[INFO GPL-0059] Movable instances area:        200.848 um^2 (+0.00%)
[INFO GPL-0060] Total filler area:             119.398 um^2 (+0.00%)
[INFO GPL-0061] Total non-inflated area:       197.946 um^2 (+0.00%)
[INFO GPL-0062] Total inflated area:           197.946 um^2 (+0.00%)
[INFO GPL-0063] New Target Density:             0.5460
[INFO GPL-0087] Routability end iteration: increase inflation and revert back to snapshot.
Iteration | Overflow |     HPWL (um) |  HPWL(%) |   Penalty | Group
---------------------------------------------------------------
     1410 |   0.7248 |  1.708235e+05 |   +0.00% |  5.16e-14 |      
     1410 |   0.8962 |  1.708235e+05 |   +0.00% |  9.63e-14 |  (pdsep_grp_copyA)
     1410 |   0.9367 |  1.708235e+05 |   +0.00% |  8.21e-13 |  (pdsep_grp_copyB)
     1410 |   0.6412 |  1.708235e+05 |   +0.00% |  4.41e-12 |  (pdsep_grp_th1)
     1420 |   0.7325 |  1.621780e+05 |   -5.06% |  7.61e-14 |      
     1420 |   0.9009 |  1.621780e+05 |   -5.06% |  1.42e-13 |  (pdsep_grp_copyA)
     1420 |   0.9383 |  1.621780e+05 |   -5.06% |  1.21e-12 |  (pdsep_grp_copyB)
     1420 |   0.6274 |  1.621780e+05 |   -5.06% |  6.49e-12 |  (pdsep_grp_th1)
     1430 |   0.7573 |  1.588931e+05 |   -2.03% |  1.12e-13 |      
     1430 |   0.9028 |  1.588931e+05 |   -2.03% |  2.09e-13 |  (pdsep_grp_copyA)
     1430 |   0.9383 |  1.588931e+05 |   -2.03% |  1.78e-12 |  (pdsep_grp_copyB)
     1430 |   0.6274 |  1.588931e+05 |   -2.03% |  9.56e-12 |  (pdsep_grp_th1)
     1440 |   0.7650 |  1.571761e+05 |   -1.08% |  1.65e-13 |      
     1440 |   0.9034 |  1.571761e+05 |   -1.08% |  3.08e-13 |  (pdsep_grp_copyA)
     1440 |   0.9373 |  1.571761e+05 |   -1.08% |  2.62e-12 |  (pdsep_grp_copyB)
     1440 |   0.6354 |  1.571761e+05 |   -1.08% |  1.41e-11 |  (pdsep_grp_th1)
     1450 |   0.7702 |  1.564818e+05 |   -0.44% |  2.43e-13 |      
     1450 |   0.9024 |  1.564818e+05 |   -0.44% |  4.54e-13 |  (pdsep_grp_copyA)
     1450 |   0.9360 |  1.564818e+05 |   -0.44% |  3.86e-12 |  (pdsep_grp_copyB)
     1450 |   0.6274 |  1.564818e+05 |   -0.44% |  2.08e-11 |  (pdsep_grp_th1)
     1460 |   0.7768 |  1.564275e+05 |   -0.03% |  3.58e-13 |      
     1460 |   0.8994 |  1.564275e+05 |   -0.03% |  6.68e-13 |  (pdsep_grp_copyA)
     1460 |   0.9353 |  1.564275e+05 |   -0.03% |  5.69e-12 |  (pdsep_grp_copyB)
     1460 |   0.6274 |  1.564275e+05 |   -0.03% |  3.06e-11 |  (pdsep_grp_th1)
     1470 |   0.7814 |  1.569043e+05 |   +0.30% |  5.28e-13 |      
     1470 |   0.8979 |  1.569043e+05 |   +0.30% |  9.84e-13 |  (pdsep_grp_copyA)
     1470 |   0.9359 |  1.569043e+05 |   +0.30% |  8.39e-12 |  (pdsep_grp_copyB)
     1470 |   0.6274 |  1.569043e+05 |   +0.30% |  4.50e-11 |  (pdsep_grp_th1)
     1480 |   0.7818 |  1.573098e+05 |   +0.26% |  7.77e-13 |      
     1480 |   0.8988 |  1.573098e+05 |   +0.26% |  1.45e-12 |  (pdsep_grp_copyA)
     1480 |   0.9376 |  1.573098e+05 |   +0.26% |  1.24e-11 |  (pdsep_grp_copyB)
     1480 |   0.6274 |  1.573098e+05 |   +0.26% |  6.64e-11 |  (pdsep_grp_th1)
     1490 |   0.7794 |  1.575783e+05 |   +0.17% |  1.15e-12 |      
     1490 |   0.9018 |  1.575783e+05 |   +0.17% |  2.14e-12 |  (pdsep_grp_copyA)
     1490 |   0.9398 |  1.575783e+05 |   +0.17% |  1.82e-11 |  (pdsep_grp_copyB)
     1490 |   0.6250 |  1.575783e+05 |   +0.17% |  9.77e-11 |  (pdsep_grp_th1)
     1500 |   0.7786 |  1.575688e+05 |   -0.01% |  1.69e-12 |      
     1500 |   0.9044 |  1.575688e+05 |   -0.01% |  3.15e-12 |  (pdsep_grp_copyA)
     1500 |   0.9410 |  1.575688e+05 |   -0.01% |  2.68e-11 |  (pdsep_grp_copyB)
     1500 |   0.6032 |  1.575688e+05 |   -0.01% |  1.44e-10 |  (pdsep_grp_th1)
     1510 |   0.7770 |  1.572619e+05 |   -0.19% |  2.48e-12 |      
     1510 |   0.9067 |  1.572619e+05 |   -0.19% |  4.64e-12 |  (pdsep_grp_copyA)
     1510 |   0.9409 |  1.572619e+05 |   -0.19% |  3.95e-11 |  (pdsep_grp_copyB)
     1510 |   0.5624 |  1.572619e+05 |   -0.19% |  2.12e-10 |  (pdsep_grp_th1)
     1520 |   0.7800 |  1.565960e+05 |   -0.42% |  3.66e-12 |      
     1520 |   0.9085 |  1.565960e+05 |   -0.42% |  6.83e-12 |  (pdsep_grp_copyA)
     1520 |   0.9401 |  1.565960e+05 |   -0.42% |  5.82e-11 |  (pdsep_grp_copyB)
     1520 |   0.5236 |  1.565960e+05 |   -0.42% |  3.12e-10 |  (pdsep_grp_th1)
     1530 |   0.7832 |  1.559823e+05 |   -0.39% |  5.39e-12 |      
     1530 |   0.9094 |  1.559823e+05 |   -0.39% |  1.01e-11 |  (pdsep_grp_copyA)
     1530 |   0.9383 |  1.559823e+05 |   -0.39% |  8.57e-11 |  (pdsep_grp_copyB)
     1530 |   0.5116 |  1.559823e+05 |   -0.39% |  4.60e-10 |  (pdsep_grp_th1)
     1540 |   0.7877 |  1.554559e+05 |   -0.34% |  7.94e-12 |      
     1540 |   0.9097 |  1.554559e+05 |   -0.34% |  1.48e-11 |  (pdsep_grp_copyA)
     1540 |   0.9367 |  1.554559e+05 |   -0.34% |  1.26e-10 |  (pdsep_grp_copyB)
     1540 |   0.4913 |  1.554559e+05 |   -0.34% |  6.78e-10 |  (pdsep_grp_th1)
     1550 |   0.7912 |  1.547310e+05 |   -0.47% |  1.17e-11 |      
     1550 |   0.9095 |  1.547310e+05 |   -0.47% |  2.18e-11 |  (pdsep_grp_copyA)
     1550 |   0.9341 |  1.547310e+05 |   -0.47% |  1.86e-10 |  (pdsep_grp_copyB)
     1550 |   0.4116 |  1.547310e+05 |   -0.47% |  9.99e-10 |  (pdsep_grp_th1)
     1560 |   0.7961 |  1.538169e+05 |   -0.59% |  1.72e-11 |      
     1560 |   0.9095 |  1.538169e+05 |   -0.59% |  3.22e-11 |  (pdsep_grp_copyA)
     1560 |   0.9317 |  1.538169e+05 |   -0.59% |  2.74e-10 |  (pdsep_grp_copyB)
     1560 |   0.3738 |  1.538169e+05 |   -0.59% |  1.47e-09 |  (pdsep_grp_th1)
     1570 |   0.7977 |  1.532693e+05 |   -0.36% |  2.54e-11 |      
     1570 |   0.9107 |  1.532693e+05 |   -0.36% |  4.74e-11 |  (pdsep_grp_copyA)
     1570 |   0.9288 |  1.532693e+05 |   -0.36% |  4.04e-10 |  (pdsep_grp_copyB)
     1570 |   0.3386 |  1.532693e+05 |   -0.36% |  2.17e-09 |  (pdsep_grp_th1)
     1580 |   0.7976 |  1.531064e+05 |   -0.11% |  3.74e-11 |      
     1580 |   0.9101 |  1.531064e+05 |   -0.11% |  6.98e-11 |  (pdsep_grp_copyA)
     1580 |   0.9232 |  1.531064e+05 |   -0.11% |  5.95e-10 |  (pdsep_grp_copyB)
     1580 |   0.3066 |  1.531064e+05 |   -0.11% |  3.19e-09 |  (pdsep_grp_th1)
     1590 |   0.7962 |  1.534431e+05 |   +0.22% |  5.51e-11 |      
     1590 |   0.9083 |  1.534431e+05 |   +0.22% |  1.03e-10 |  (pdsep_grp_copyA)
     1590 |   0.9167 |  1.534431e+05 |   +0.22% |  8.76e-10 |  (pdsep_grp_copyB)
     1590 |   0.2976 |  1.534431e+05 |   +0.22% |  4.70e-09 |  (pdsep_grp_th1)
     1600 |   0.7899 |  1.544922e+05 |   +0.68% |  8.12e-11 |      
     1600 |   0.9026 |  1.544922e+05 |   +0.68% |  1.51e-10 |  (pdsep_grp_copyA)
     1600 |   0.9063 |  1.544922e+05 |   +0.68% |  1.29e-09 |  (pdsep_grp_copyB)
     1600 |   0.2841 |  1.544922e+05 |   +0.68% |  6.93e-09 |  (pdsep_grp_th1)
     1610 |   0.7790 |  1.562087e+05 |   +1.11% |  1.20e-10 |      
     1610 |   0.8942 |  1.562087e+05 |   +1.11% |  2.23e-10 |  (pdsep_grp_copyA)
     1610 |   0.8919 |  1.562087e+05 |   +1.11% |  1.90e-09 |  (pdsep_grp_copyB)
     1610 |   0.2894 |  1.562087e+05 |   +1.11% |  1.02e-08 |  (pdsep_grp_th1)
     1620 |   0.7606 |  1.585948e+05 |   +1.53% |  1.76e-10 |      
     1620 |   0.8810 |  1.585948e+05 |   +1.53% |  3.29e-10 |  (pdsep_grp_copyA)
     1620 |   0.8728 |  1.585948e+05 |   +1.53% |  2.80e-09 |  (pdsep_grp_copyB)
     1620 |   0.2899 |  1.585948e+05 |   +1.53% |  1.50e-08 |  (pdsep_grp_th1)
     1630 |   0.7373 |  1.614365e+05 |   +1.79% |  2.59e-10 |      
     1630 |   0.8646 |  1.614365e+05 |   +1.79% |  4.84e-10 |  (pdsep_grp_copyA)
     1630 |   0.8482 |  1.614365e+05 |   +1.79% |  4.12e-09 |  (pdsep_grp_copyB)
     1630 |   0.2860 |  1.614365e+05 |   +1.79% |  2.21e-08 |  (pdsep_grp_th1)
     1640 |   0.7124 |  1.645815e+05 |   +1.95% |  3.82e-10 |      
     1640 |   0.8416 |  1.645815e+05 |   +1.95% |  7.13e-10 |  (pdsep_grp_copyA)
     1640 |   0.7974 |  1.645815e+05 |   +1.95% |  6.07e-09 |  (pdsep_grp_copyB)
     1640 |   0.2743 |  1.645815e+05 |   +1.95% |  3.26e-08 |  (pdsep_grp_th1)
     1650 |   0.6872 |  1.675690e+05 |   +1.82% |  5.63e-10 |      
     1650 |   0.8047 |  1.675690e+05 |   +1.82% |  1.05e-09 |  (pdsep_grp_copyA)
     1650 |   0.7319 |  1.675690e+05 |   +1.82% |  8.94e-09 |  (pdsep_grp_copyB)
     1650 |   0.2583 |  1.675690e+05 |   +1.82% |  4.80e-08 |  (pdsep_grp_th1)
     1660 |   0.6720 |  1.695854e+05 |   +1.20% |  8.29e-10 |      
     1660 |   0.7558 |  1.695854e+05 |   +1.20% |  1.55e-09 |  (pdsep_grp_copyA)
     1660 |   0.6244 |  1.695854e+05 |   +1.20% |  1.32e-08 |  (pdsep_grp_copyB)
     1660 |   0.2374 |  1.695854e+05 |   +1.20% |  7.07e-08 |  (pdsep_grp_th1)
     1670 |   0.6728 |  1.709196e+05 |   +0.79% |  1.22e-09 |      
     1670 |   0.7200 |  1.709196e+05 |   +0.79% |  2.28e-09 |  (pdsep_grp_copyA)
     1670 |   0.4828 |  1.709196e+05 |   +0.79% |  1.94e-08 |  (pdsep_grp_copyB)
     1670 |   0.2205 |  1.709196e+05 |   +0.79% |  1.04e-07 |  (pdsep_grp_th1)
     1680 |   0.6733 |  1.726589e+05 |   +1.02% |  1.80e-09 |      
     1680 |   0.7020 |  1.726589e+05 |   +1.02% |  3.35e-09 |  (pdsep_grp_copyA)
     1680 |   0.3654 |  1.726589e+05 |   +1.02% |  2.86e-08 |  (pdsep_grp_copyB)
     1680 |   0.1976 |  1.726589e+05 |   +1.02% |  1.53e-07 |  (pdsep_grp_th1)
     1690 |   0.6688 |  1.745190e+05 |   +1.08% |  2.65e-09 |      
     1690 |   0.6757 |  1.745190e+05 |   +1.08% |  4.94e-09 |  (pdsep_grp_copyA)
     1690 |   0.3134 |  1.745190e+05 |   +1.08% |  4.21e-08 |  (pdsep_grp_copyB)
     1690 |   0.1645 |  1.745190e+05 |   +1.08% |  2.26e-07 |  (pdsep_grp_th1)
     1700 |   0.6557 |  1.766840e+05 |   +1.24% |  3.90e-09 |      
     1700 |   0.6188 |  1.766840e+05 |   +1.24% |  7.28e-09 |  (pdsep_grp_copyA)
     1700 |   0.2736 |  1.766840e+05 |   +1.24% |  6.20e-08 |  (pdsep_grp_copyB)
     1700 |   0.1392 |  1.766840e+05 |   +1.24% |  3.33e-07 |  (pdsep_grp_th1)
[INFO GPL-0040] Routability iteration: 6
[INFO GPL-0088] Tiles the placer can act on: 1188 of 2500 (47.52%)
[INFO GPL-0041] Total routing overflow: 38.9927
[INFO GPL-0042] Number of overflowed tiles: 169 (14.23%)
[INFO GPL-0043] Average top 0.5% routing congestion: 1.8856
[INFO GPL-0044] Average top 1.0% routing congestion: 1.7770
[INFO GPL-0045] Average top 2.0% routing congestion: 1.6552
[INFO GPL-0046] Average top 5.0% routing congestion: 1.4680
[INFO GPL-0047] Routability iteration weighted routing congestion: 1.8313
[INFO GPL-0049] Routing congestion (1.8313) higher than minimum (1.5726). Consecutive non-improvement count: 3.
[INFO GPL-0099] Routability inflation trimmed to 11.54% of what this iteration asked for; 0.06% of the 30.00% budget still unspent.
[INFO GPL-0086] Inflated area:                2513.165 um^2 (+4.89%)
[INFO GPL-0052] Placement target density:       0.6463
[INFO GPL-0076] Removing fillers, count: Before: 0, After: 0 (+0.00%)
[INFO GPL-0077] Filler area (um^2)     : Before: 0.000, After: 0.000 (+0.00%)
[INFO GPL-0078] Removed fillers count: 0, area removed: 0.000 um^2. Remaining area to be compensated by modifying density: 2513.165 um^2
[INFO GPL-0079] New target density: 0.67785287
[INFO GPL-0086] Inflated area:                  66.398 um^2 (+0.67%)
[INFO GPL-0052] Placement target density:       0.5927
[INFO GPL-0076] Removing fillers, count: Before: 0, After: 0 (+0.00%)
[INFO GPL-0077] Filler area (um^2)     : Before: 0.000, After: 0.000 (+0.00%)
[INFO GPL-0078] Removed fillers count: 0, area removed: 0.000 um^2. Remaining area to be compensated by modifying density: 66.398 um^2
[INFO GPL-0079] New target density: 0.5966583
[INFO GPL-0086] Inflated area:                  22.048 um^2 (+0.23%)
[INFO GPL-0052] Placement target density:       0.5820
[INFO GPL-0076] Removing fillers, count: Before: 0, After: 0 (+0.00%)
[INFO GPL-0077] Filler area (um^2)     : Before: 0.000, After: 0.000 (+0.00%)
[INFO GPL-0078] Removed fillers count: 0, area removed: 0.000 um^2. Remaining area to be compensated by modifying density: 22.048 um^2
[INFO GPL-0079] New target density: 0.5833444
[INFO GPL-0086] Inflated area:                   0.000 um^2 (+0.00%)
[INFO GPL-0052] Placement target density:       0.5460
[INFO GPL-0076] Removing fillers, count: Before: 14, After: 14 (+0.00%)
[INFO GPL-0077] Filler area (um^2)     : Before: 119.398, After: 119.398 (+0.00%)
[INFO GPL-0078] Removed fillers count: 0, area removed: 0.000 um^2. Remaining area to be compensated by modifying density: 0.000 um^2
[INFO GPL-0086] Inflated area:                   0.077 um^2 (+0.03%)
[INFO GPL-0052] Placement target density:       0.6127
[INFO GPL-0076] Removing fillers, count: Before: 0, After: 0 (+0.00%)
[INFO GPL-0077] Filler area (um^2)     : Before: 0.000, After: 0.000 (+0.00%)
[INFO GPL-0078] Removed fillers count: 0, area removed: 0.000 um^2. Remaining area to be compensated by modifying density: 0.077 um^2
[INFO GPL-0086] Inflated area:                   0.000 um^2 (+0.00%)
[INFO GPL-0052] Placement target density:       0.5460
[INFO GPL-0076] Removing fillers, count: Before: 14, After: 14 (+0.00%)
[INFO GPL-0077] Filler area (um^2)     : Before: 119.398, After: 119.398 (+0.00%)
[INFO GPL-0078] Removed fillers count: 0, area removed: 0.000 um^2. Remaining area to be compensated by modifying density: 0.000 um^2
[INFO GPL-0054] No improvement in routing congestion for 3 consecutive iterations (limit is 3).
[INFO GPL-0055] Reverting inflation values and target density from the iteration with minimum observed routing congestion.
[INFO GPL-0056] Minimum observed routing congestion: 1.5726
[INFO GPL-0057] Target density at minimum routing congestion: 0.6257
[INFO GPL-0080] Restoring 599 previously removed fillers.
[INFO GPL-0081] Number of fillers before restoration 0 and after 599 . Relative change: +0.00%%
[INFO GPL-0082] Total filler area before restoration 0.00 and after 5401.44 (um^2). Relative change: +0.00%%
[INFO GPL-0057] Target density at minimum routing congestion: 0.5700 (pdsep_grp_copyA)
[INFO GPL-0080] Restoring 6 previously removed fillers.
[INFO GPL-0081] Number of fillers before restoration 0 and after 6 . Relative change: +0.00%%
[INFO GPL-0082] Total filler area before restoration 0.00 and after 75.12 (um^2). Relative change: +0.00%%
[INFO GPL-0057] Target density at minimum routing congestion: 0.5700 (pdsep_grp_copyB)
[INFO GPL-0080] Restoring 1 previously removed fillers.
[INFO GPL-0081] Number of fillers before restoration 0 and after 1 . Relative change: +0.00%%
[INFO GPL-0082] Total filler area before restoration 0.00 and after 12.52 (um^2). Relative change: +0.00%%
[INFO GPL-0057] Target density at minimum routing congestion: 0.5460 (pdsep_grp_th0)
[INFO GPL-0080] Restoring 0 previously removed fillers.
[INFO GPL-0057] Target density at minimum routing congestion: 0.5460 (pdsep_grp_th1)
[INFO GPL-0080] Restoring 10 previously removed fillers.
[INFO GPL-0081] Number of fillers before restoration 0 and after 10 . Relative change: +0.00%%
[INFO GPL-0082] Total filler area before restoration 0.00 and after 85.28 (um^2). Relative change: +0.00%%
[INFO GPL-0057] Target density at minimum routing congestion: 0.5460 (pdsep_grp_th2)
[INFO GPL-0080] Restoring 0 previously removed fillers.
[INFO GPL-0089] Routability finished. Reverting to minimal observed routing congestion, could not reach target.
Iteration | Overflow |     HPWL (um) |  HPWL(%) |   Penalty | Group
---------------------------------------------------------------
     1710 |   0.6076 |  1.623705e+05 |   +0.00% |  6.27e-14 |      
     1710 |   0.8612 |  1.623705e+05 |   +0.00% |  1.17e-13 |  (pdsep_grp_copyA)
     1710 |   0.9162 |  1.623705e+05 |   +0.00% |  9.96e-13 |  (pdsep_grp_copyB)
     1710 |   0.3156 |  1.623705e+05 |   +0.00% |  5.35e-12 |  (pdsep_grp_th1)
     1720 |   0.6397 |  1.542848e+05 |   -4.98% |  9.23e-14 |      
     1720 |   0.8774 |  1.542848e+05 |   -4.98% |  1.72e-13 |  (pdsep_grp_copyA)
     1720 |   0.9203 |  1.542848e+05 |   -4.98% |  1.47e-12 |  (pdsep_grp_copyB)
     1720 |   0.2363 |  1.542848e+05 |   -4.98% |  7.88e-12 |  (pdsep_grp_th1)
     1730 |   0.6580 |  1.516948e+05 |   -1.68% |  1.36e-13 |      
     1730 |   0.8854 |  1.516948e+05 |   -1.68% |  2.54e-13 |  (pdsep_grp_copyA)
     1730 |   0.9235 |  1.516948e+05 |   -1.68% |  2.16e-12 |  (pdsep_grp_copyB)
     1730 |   0.2885 |  1.516948e+05 |   -1.68% |  1.16e-11 |  (pdsep_grp_th1)
     1740 |   0.6662 |  1.496293e+05 |   -1.36% |  2.00e-13 |      
     1740 |   0.8805 |  1.496293e+05 |   -1.36% |  3.74e-13 |  (pdsep_grp_copyA)
     1740 |   0.9247 |  1.496293e+05 |   -1.36% |  3.18e-12 |  (pdsep_grp_copyB)
     1740 |   0.2779 |  1.496293e+05 |   -1.36% |  1.71e-11 |  (pdsep_grp_th1)
     1750 |   0.6760 |  1.481611e+05 |   -0.98% |  2.95e-13 |      
     1750 |   0.8801 |  1.481611e+05 |   -0.98% |  5.50e-13 |  (pdsep_grp_copyA)
     1750 |   0.9245 |  1.481611e+05 |   -0.98% |  4.69e-12 |  (pdsep_grp_copyB)
     1750 |   0.2451 |  1.481611e+05 |   -0.98% |  2.52e-11 |  (pdsep_grp_th1)
     1760 |   0.6851 |  1.478298e+05 |   -0.22% |  4.35e-13 |      
     1760 |   0.8844 |  1.478298e+05 |   -0.22% |  8.11e-13 |  (pdsep_grp_copyA)
     1760 |   0.9247 |  1.478298e+05 |   -0.22% |  6.91e-12 |  (pdsep_grp_copyB)
     1760 |   0.2693 |  1.478298e+05 |   -0.22% |  3.71e-11 |  (pdsep_grp_th1)
     1770 |   0.6900 |  1.481494e+05 |   +0.22% |  6.40e-13 |      
     1770 |   0.8864 |  1.481494e+05 |   +0.22% |  1.19e-12 |  (pdsep_grp_copyA)
     1770 |   0.9260 |  1.481494e+05 |   +0.22% |  1.02e-11 |  (pdsep_grp_copyB)
     1770 |   0.2760 |  1.481494e+05 |   +0.22% |  5.47e-11 |  (pdsep_grp_th1)
     1780 |   0.6923 |  1.482826e+05 |   +0.09% |  9.43e-13 |      
     1780 |   0.8865 |  1.482826e+05 |   +0.09% |  1.76e-12 |  (pdsep_grp_copyA)
     1780 |   0.9291 |  1.482826e+05 |   +0.09% |  1.50e-11 |  (pdsep_grp_copyB)
     1780 |   0.2599 |  1.482826e+05 |   +0.09% |  8.05e-11 |  (pdsep_grp_th1)
     1790 |   0.6971 |  1.484332e+05 |   +0.10% |  1.39e-12 |      
     1790 |   0.8863 |  1.484332e+05 |   +0.10% |  2.59e-12 |  (pdsep_grp_copyA)
     1790 |   0.9288 |  1.484332e+05 |   +0.10% |  2.21e-11 |  (pdsep_grp_copyB)
     1790 |   0.2626 |  1.484332e+05 |   +0.10% |  1.19e-10 |  (pdsep_grp_th1)
     1800 |   0.6981 |  1.486768e+05 |   +0.16% |  2.05e-12 |      
     1800 |   0.8856 |  1.486768e+05 |   +0.16% |  3.82e-12 |  (pdsep_grp_copyA)
     1800 |   0.9262 |  1.486768e+05 |   +0.16% |  3.25e-11 |  (pdsep_grp_copyB)
     1800 |   0.2684 |  1.486768e+05 |   +0.16% |  1.75e-10 |  (pdsep_grp_th1)
     1810 |   0.7024 |  1.487563e+05 |   +0.05% |  3.02e-12 |      
     1810 |   0.8848 |  1.487563e+05 |   +0.05% |  5.63e-12 |  (pdsep_grp_copyA)
     1810 |   0.9251 |  1.487563e+05 |   +0.05% |  4.79e-11 |  (pdsep_grp_copyB)
     1810 |   0.2623 |  1.487563e+05 |   +0.05% |  2.57e-10 |  (pdsep_grp_th1)
     1820 |   0.7040 |  1.486112e+05 |   -0.10% |  4.44e-12 |      
     1820 |   0.8847 |  1.486112e+05 |   -0.10% |  8.29e-12 |  (pdsep_grp_copyA)
     1820 |   0.9240 |  1.486112e+05 |   -0.10% |  7.06e-11 |  (pdsep_grp_copyB)
     1820 |   0.2603 |  1.486112e+05 |   -0.10% |  3.79e-10 |  (pdsep_grp_th1)
     1830 |   0.7048 |  1.484006e+05 |   -0.14% |  6.55e-12 |      
     1830 |   0.8846 |  1.484006e+05 |   -0.14% |  1.22e-11 |  (pdsep_grp_copyA)
     1830 |   0.9236 |  1.484006e+05 |   -0.14% |  1.04e-10 |  (pdsep_grp_copyB)
     1830 |   0.2618 |  1.484006e+05 |   -0.14% |  5.59e-10 |  (pdsep_grp_th1)
     1840 |   0.7034 |  1.482422e+05 |   -0.11% |  9.64e-12 |      
     1840 |   0.8845 |  1.482422e+05 |   -0.11% |  1.80e-11 |  (pdsep_grp_copyA)
     1840 |   0.9235 |  1.482422e+05 |   -0.11% |  1.53e-10 |  (pdsep_grp_copyB)
     1840 |   0.2519 |  1.482422e+05 |   -0.11% |  8.23e-10 |  (pdsep_grp_th1)
     1850 |   0.7010 |  1.481469e+05 |   -0.06% |  1.42e-11 |      
     1850 |   0.8843 |  1.481469e+05 |   -0.06% |  2.65e-11 |  (pdsep_grp_copyA)
     1850 |   0.9223 |  1.481469e+05 |   -0.06% |  2.26e-10 |  (pdsep_grp_copyB)
     1850 |   0.2398 |  1.481469e+05 |   -0.06% |  1.21e-09 |  (pdsep_grp_th1)
     1860 |   0.6980 |  1.482547e+05 |   +0.07% |  2.09e-11 |      
     1860 |   0.8838 |  1.482547e+05 |   +0.07% |  3.90e-11 |  (pdsep_grp_copyA)
     1860 |   0.9190 |  1.482547e+05 |   +0.07% |  3.33e-10 |  (pdsep_grp_copyB)
     1860 |   0.2317 |  1.482547e+05 |   +0.07% |  1.79e-09 |  (pdsep_grp_th1)
     1870 |   0.6950 |  1.485976e+05 |   +0.23% |  3.08e-11 |      
     1870 |   0.8823 |  1.485976e+05 |   +0.23% |  5.75e-11 |  (pdsep_grp_copyA)
     1870 |   0.9124 |  1.485976e+05 |   +0.23% |  4.90e-10 |  (pdsep_grp_copyB)
     1870 |   0.2176 |  1.485976e+05 |   +0.23% |  2.63e-09 |  (pdsep_grp_th1)
     1880 |   0.6933 |  1.491324e+05 |   +0.36% |  4.54e-11 |      
     1880 |   0.8790 |  1.491324e+05 |   +0.36% |  8.47e-11 |  (pdsep_grp_copyA)
     1880 |   0.9081 |  1.491324e+05 |   +0.36% |  7.22e-10 |  (pdsep_grp_copyB)
     1880 |   0.1949 |  1.491324e+05 |   +0.36% |  3.88e-09 |  (pdsep_grp_th1)
     1890 |   0.6885 |  1.498428e+05 |   +0.48% |  6.69e-11 |      
     1890 |   0.8740 |  1.498428e+05 |   +0.48% |  1.25e-10 |  (pdsep_grp_copyA)
     1890 |   0.9008 |  1.498428e+05 |   +0.48% |  1.06e-09 |  (pdsep_grp_copyB)
     1890 |   0.1590 |  1.498428e+05 |   +0.48% |  5.71e-09 |  (pdsep_grp_th1)
     1900 |   0.6818 |  1.507529e+05 |   +0.61% |  9.85e-11 |      
     1900 |   0.8696 |  1.507529e+05 |   +0.61% |  1.84e-10 |  (pdsep_grp_copyA)
     1900 |   0.8919 |  1.507529e+05 |   +0.61% |  1.57e-09 |  (pdsep_grp_copyB)
     1900 |   0.1399 |  1.507529e+05 |   +0.61% |  8.41e-09 |  (pdsep_grp_th1)
     1910 |   0.6711 |  1.522622e+05 |   +1.00% |  1.45e-10 |      
     1910 |   0.8624 |  1.522622e+05 |   +1.00% |  2.71e-10 |  (pdsep_grp_copyA)
     1910 |   0.8776 |  1.522622e+05 |   +1.00% |  2.31e-09 |  (pdsep_grp_copyB)
     1910 |   0.1386 |  1.522622e+05 |   +1.00% |  1.24e-08 |  (pdsep_grp_th1)
     1920 |   0.6556 |  1.543582e+05 |   +1.38% |  2.14e-10 |      
     1920 |   0.8515 |  1.543582e+05 |   +1.38% |  3.99e-10 |  (pdsep_grp_copyA)
     1920 |   0.8598 |  1.543582e+05 |   +1.38% |  3.40e-09 |  (pdsep_grp_copyB)
     1920 |   0.1326 |  1.543582e+05 |   +1.38% |  1.82e-08 |  (pdsep_grp_th1)
     1930 |   0.6382 |  1.569941e+05 |   +1.71% |  3.15e-10 |      
     1930 |   0.8332 |  1.569941e+05 |   +1.71% |  5.87e-10 |  (pdsep_grp_copyA)
     1930 |   0.8283 |  1.569941e+05 |   +1.71% |  5.00e-09 |  (pdsep_grp_copyB)
     1930 |   0.1232 |  1.569941e+05 |   +1.71% |  2.69e-08 |  (pdsep_grp_th1)
     1936 |   0.0989 |  1.588430e+05 |          |  3.52e-08 | pdsep_grp_th1
---------------------------------------------------------------
[INFO GPL-1016] Region 'pdsep_grp_th1' placement finished at iteration 1936
[INFO GPL-1005] Routability final weighted congestion: 2.8321
[INFO GPL-1002] Placed Cell Area              225.4836
[INFO GPL-1003] Available Free Area           367.8528
[INFO GPL-1004] Minimum Feasible Density        0.2200 (cell_area / free_area)
[INFO GPL-1006]   Suggested Target Densities:
[INFO GPL-1007]     - For 90% usage of free space: 0.6811
[INFO GPL-1008]     - For 80% usage of free space: 0.7662
     1940 |   0.6187 |  1.600419e+05 |   +1.94% |  4.64e-10 |      
     1940 |   0.8039 |  1.600419e+05 |   +1.94% |  8.65e-10 |  (pdsep_grp_copyA)
     1940 |   0.7765 |  1.600419e+05 |   +1.94% |  7.37e-09 |  (pdsep_grp_copyB)
     1950 |   0.6008 |  1.631472e+05 |   +1.94% |  6.83e-10 |      
     1950 |   0.7629 |  1.631472e+05 |   +1.94% |  1.27e-09 |  (pdsep_grp_copyA)
     1950 |   0.7073 |  1.631472e+05 |   +1.94% |  1.09e-08 |  (pdsep_grp_copyB)
     1960 |   0.5852 |  1.656795e+05 |   +1.55% |  1.01e-09 |      
     1960 |   0.7244 |  1.656795e+05 |   +1.55% |  1.88e-09 |  (pdsep_grp_copyA)
     1960 |   0.5716 |  1.656795e+05 |   +1.55% |  1.60e-08 |  (pdsep_grp_copyB)
     1970 |   0.5853 |  1.677350e+05 |   +1.24% |  1.48e-09 |      
     1970 |   0.7103 |  1.677350e+05 |   +1.24% |  2.76e-09 |  (pdsep_grp_copyA)
     1970 |   0.4424 |  1.677350e+05 |   +1.24% |  2.35e-08 |  (pdsep_grp_copyB)
     1980 |   0.5855 |  1.700491e+05 |   +1.38% |  2.18e-09 |      
     1980 |   0.7137 |  1.700491e+05 |   +1.38% |  4.07e-09 |  (pdsep_grp_copyA)
     1980 |   0.3479 |  1.700491e+05 |   +1.38% |  3.47e-08 |  (pdsep_grp_copyB)
     1990 |   0.5768 |  1.723497e+05 |   +1.35% |  3.21e-09 |      
     1990 |   0.6669 |  1.723497e+05 |   +1.35% |  5.99e-09 |  (pdsep_grp_copyA)
     1990 |   0.2916 |  1.723497e+05 |   +1.35% |  5.11e-08 |  (pdsep_grp_copyB)
     2000 |   0.5586 |  1.752483e+05 |   +1.68% |  4.73e-09 |      
     2000 |   0.5746 |  1.752483e+05 |   +1.68% |  8.83e-09 |  (pdsep_grp_copyA)
     2000 |   0.2508 |  1.752483e+05 |   +1.68% |  7.52e-08 |  (pdsep_grp_copyB)
     2010 |   0.5303 |  1.779482e+05 |   +1.54% |  6.97e-09 |      
     2010 |   0.5004 |  1.779482e+05 |   +1.54% |  1.30e-08 |  (pdsep_grp_copyA)
     2010 |   0.1953 |  1.779482e+05 |   +1.54% |  1.11e-07 |  (pdsep_grp_copyB)
     2020 |   0.4939 |  1.806090e+05 |   +1.50% |  1.03e-08 |      
     2020 |   0.4619 |  1.806090e+05 |   +1.50% |  1.91e-08 |  (pdsep_grp_copyA)
     2020 |   0.1655 |  1.806090e+05 |   +1.50% |  1.63e-07 |  (pdsep_grp_copyB)
     2030 |   0.4580 |  1.839419e+05 |   +1.85% |  1.51e-08 |      
     2030 |   0.3660 |  1.839419e+05 |   +1.85% |  2.82e-08 |  (pdsep_grp_copyA)
     2030 |   0.1392 |  1.839419e+05 |   +1.85% |  2.40e-07 |  (pdsep_grp_copyB)
[INFO GPL-0100] Timing-driven iteration 2/2, virtual: false.
[INFO GPL-0101]    Iter: 2037, overflow: 0.194, keep resizer changes at: 1, HPWL: 185745562
Iteration |   Area    | Resized | Buffers | Nets repaired | Remaining
---------------------------------------------------------------------
        0 |     +0.0% |       0 |       0 |             0 |      6678
    final |     +0.0% |       0 |       1 |             1 |         0
---------------------------------------------------------------------
[INFO RSZ-0036] Found 1 capacitance violations.
[INFO RSZ-0038] Inserted 1 buffers in 1 nets.
   Iter   |    Area   | Removed | Inserted |   Pins
          |           | Buffers | Buffers  | Remaining
-------------------------------------------------------
        0 |     +0.0% |       0 |        0 |      5757
      570 |     +0.3% |       2 |       21 |      5187
     1140 |     +0.5% |      54 |       90 |      4617
     1710 |     +0.5% |     127 |      166 |      4047
     2280 |     +0.7% |     315 |      369 |      3477
     2850 |     +0.8% |     519 |      583 |      2907
     3420 |     +0.5% |     705 |      736 |      2337
     3990 |     +0.4% |     722 |      744 |      1767
     4560 |     +0.4% |     737 |      760 |      1197
     5130 |     +0.4% |     737 |      760 |       627
     5700 |     +0.5% |     781 |      818 |        57
    final |     +0.7% |     830 |      882 |         0
-------------------------------------------------------
[INFO GPL-0106] Timing-driven: worst slack -1.360966e-09
[INFO GPL-0107] Timing-driven: repair_design delta area: -292.593 um^2 (-0.57%)
[INFO GPL-0108] Timing-driven: repair_design, gpl delta gcells: 53 (+0.88%)
[INFO GPL-0109] Timing-driven: repair_design, gcells created: 883, deleted: 830
[INFO GPL-0110] Timing-driven: new target density: 0.7104717
[INFO GPL-0107] Timing-driven: repair_design delta area: 0.000 um^2 (+0.00%)
[INFO GPL-0108] Timing-driven: repair_design, gpl delta gcells: 53 (+0.88%)
[INFO GPL-0109] Timing-driven: repair_design, gcells created: 0, deleted: 0
[INFO GPL-0110] Timing-driven: new target density: 0.5971768
[INFO GPL-0107] Timing-driven: repair_design delta area: 0.000 um^2 (+0.00%)
[INFO GPL-0108] Timing-driven: repair_design, gpl delta gcells: 53 (+0.88%)
[INFO GPL-0109] Timing-driven: repair_design, gcells created: 0, deleted: 0
[INFO GPL-0110] Timing-driven: new target density: 0.58277744
[INFO GPL-0107] Timing-driven: repair_design delta area: 0.000 um^2 (+0.00%)
[INFO GPL-0108] Timing-driven: repair_design, gpl delta gcells: 53 (+0.88%)
[INFO GPL-0109] Timing-driven: repair_design, gcells created: 0, deleted: 0
[INFO GPL-0110] Timing-driven: new target density: 0.538111
[INFO GPL-0107] Timing-driven: repair_design delta area: 0.000 um^2 (+0.00%)
[INFO GPL-0108] Timing-driven: repair_design, gpl delta gcells: 53 (+0.88%)
[INFO GPL-0109] Timing-driven: repair_design, gcells created: 0, deleted: 0
[INFO GPL-0110] Timing-driven: new target density: 0.84481525
[INFO GPL-0107] Timing-driven: repair_design delta area: 0.000 um^2 (+0.00%)
[INFO GPL-0108] Timing-driven: repair_design, gpl delta gcells: 53 (+0.88%)
[INFO GPL-0109] Timing-driven: repair_design, gcells created: 0, deleted: 0
[INFO GPL-0110] Timing-driven: new target density: 0.538111
Iteration | Overflow |     HPWL (um) |  HPWL(%) |   Penalty | Group
---------------------------------------------------------------
     2040 |   0.4403 |  1.872080e+05 |   +1.78% |  2.23e-08 |      
     2040 |   0.3137 |  1.872080e+05 |   +1.78% |  4.15e-08 |  (pdsep_grp_copyA)
     2040 |   0.1042 |  1.872080e+05 |   +1.78% |  3.54e-07 |  (pdsep_grp_copyB)
     2044 |   0.0998 |  1.873643e+05 |          |  4.29e-07 | pdsep_grp_copyB
---------------------------------------------------------------
[INFO GPL-1016] Region 'pdsep_grp_copyB' placement finished at iteration 2044
[INFO GPL-1005] Routability final weighted congestion: 1.6448
[INFO GPL-1002] Placed Cell Area             9560.7124
[INFO GPL-1003] Available Free Area         16808.6208
[INFO GPL-1004] Minimum Feasible Density        0.5700 (cell_area / free_area)
[INFO GPL-1006]   Suggested Target Densities:
[INFO GPL-1007]     - For 90% usage of free space: 0.6320
[INFO GPL-1008]     - For 80% usage of free space: 0.7110
     2050 |   0.4108 |  1.884463e+05 |   +0.66% |  3.28e-08 |      
     2050 |   0.2547 |  1.884463e+05 |   +0.66% |  6.12e-08 |  (pdsep_grp_copyA)
     2060 |   0.3654 |  1.904967e+05 |   +1.09% |  4.83e-08 |      
     2060 |   0.2131 |  1.904967e+05 |   +1.09% |  9.01e-08 |  (pdsep_grp_copyA)
     2070 |   0.3152 |  1.919579e+05 |   +0.77% |  7.11e-08 |      
     2070 |   0.1698 |  1.919579e+05 |   +0.77% |  1.33e-07 |  (pdsep_grp_copyA)
     2080 |   0.2626 |  1.939809e+05 |   +1.05% |  1.05e-07 |      
     2080 |   0.1442 |  1.939809e+05 |   +1.05% |  1.95e-07 |  (pdsep_grp_copyA)
     2090 |   0.2216 |  1.962447e+05 |   +1.17% |  1.54e-07 |      
     2090 |   0.1181 |  1.962447e+05 |   +1.17% |  2.88e-07 |  (pdsep_grp_copyA)
     2095 |   0.0962 |  1.972966e+05 |          |  3.63e-07 | pdsep_grp_copyA
---------------------------------------------------------------
[INFO GPL-1016] Region 'pdsep_grp_copyA' placement finished at iteration 2095
[INFO GPL-1005] Routability final weighted congestion: 1.3213
[INFO GPL-1002] Placed Cell Area             9520.1496
[INFO GPL-1003] Available Free Area         16809.8720
[INFO GPL-1004] Minimum Feasible Density        0.5700 (cell_area / free_area)
[INFO GPL-1006]   Suggested Target Densities:
[INFO GPL-1007]     - For 90% usage of free space: 0.6293
[INFO GPL-1008]     - For 80% usage of free space: 0.7079
     2100 |   0.1748 |  1.983273e+05 |   +1.06% |  2.27e-07 |      
     2110 |   0.1397 |  2.000752e+05 |   +0.88% |  3.35e-07 |      
     2120 |   0.1051 |  2.016856e+05 |   +0.80% |  4.93e-07 |      
     2122 |   0.0982 |  2.020063e+05 |          |  5.54e-07 |      
---------------------------------------------------------------
[INFO GPL-1001] Global placement finished at iteration 2122
[INFO GPL-1017] Routability mode iteration count: 1952
[INFO GPL-1005] Routability final weighted congestion: 1.3240
[INFO GPL-1002] Placed Cell Area            44093.4179
[INFO GPL-1003] Available Free Area         79576.3200
[INFO GPL-1004] Minimum Feasible Density        0.4200 (cell_area / free_area)
[INFO GPL-1006]   Suggested Target Densities:
[INFO GPL-1007]     - For 90% usage of free space: 0.6157
[INFO GPL-1008]     - For 80% usage of free space: 0.6926
[INFO GPL-1011] Original area (um^2): 52200.30
[INFO GPL-1012] Total routability artificial inflation: 5206.58 (+9.97%)
[INFO GPL-1013] Total timing-driven delta area: 6046.99 (+11.58%)
[INFO GPL-1014] Final placement area: 63453.87 (+21.56%)
[INFO GPL-1018] Final HPWL (um): 202102.59
Took 12 seconds: global_placement -density 0.5459999895095825 -pad_left 0 -pad_right 0 -routability_driven -timing_driven -force_center_initial_place -min_phi_coef 0.95 -max_phi_coef 1.05
estimate_parasitics -placement
Report metrics stage 3, global place...

==========================================================================
global place report_design_area
--------------------------------------------------------------------------
Design area 57086 um^2 49% utilization.
write_db /home/user/chip/build/pd_sep/results/sky130hd/orbit_demo/sep/3_3_place_gp.odb
Elapsed time: 0:14.34[h:]min:sec. CPU time: user 12.61 sys 1.06 (95%). Peak memory: 297748KB.
Log                       Ext     Elapsed/s Peak Memory/MB sha1sum result [0:20)
3_3_place_gp              .odb           14            290 87c722b0fcef2f0d5557
